"YEAR","MONTH","DAY","HOUR","MIN","TEMP"
2014,9,20,17,0,11.139
2014,9,20,19,0,10.161
2014,9,20,21,0,9.965
2014,9,20,23,0,9.866
2014,9,21,1,0,9.768
2014,9,21,3,0,9.669
2014,9,21,5,0,9.571
2014,9,21,7,0,9.571
2014,9,21,9,0,9.571
2014,9,21,11,0,9.866
2014,9,21,13,0,10.161
2014,9,21,15,0,10.553
2014,9,21,17,0,10.748
2014,9,21,19,0,10.651
2014,9,21,21,0,10.553
2014,9,21,23,0,10.357
2014,9,22,1,0,10.259
2014,9,22,3,0,10.161
2014,9,22,5,0,10.063
2014,9,22,7,0,9.965
2014,9,22,9,0,9.965
2014,9,22,11,0,10.063
2014,9,22,13,0,10.161
2014,9,22,15,0,10.357
2014,9,22,17,0,10.357
2014,9,22,19,0,10.259
2014,9,22,21,0,10.161
2014,9,22,23,0,10.063
2014,9,23,1,0,9.866
2014,9,23,3,0,9.768
2014,9,23,5,0,9.669
2014,9,23,7,0,9.571
2014,9,23,9,0,9.669
2014,9,23,11,0,9.768
2014,9,23,13,0,9.965
2014,9,23,15,0,10.161
2014,9,23,17,0,10.161
2014,9,23,19,0,10.063
2014,9,23,21,0,10.063
2014,9,23,23,0,10.063
2014,9,24,1,0,10.161
2014,9,24,3,0,10.455
2014,9,24,5,0,10.357
2014,9,24,7,0,10.063
2014,9,24,9,0,9.965
2014,9,24,11,0,9.866
2014,9,24,13,0,9.866
2014,9,24,15,0,9.965
2014,9,24,17,0,9.965
2014,9,24,19,0,9.965
2014,9,24,21,0,9.768
2014,9,24,23,0,9.669
2014,9,25,1,0,9.571
2014,9,25,3,0,9.472
2014,9,25,5,0,9.275
2014,9,25,7,0,9.176
2014,9,25,9,0,9.176
2014,9,25,11,0,9.176
2014,9,25,13,0,9.275
2014,9,25,15,0,9.472
2014,9,25,17,0,9.571
2014,9,25,19,0,9.373
2014,9,25,21,0,9.176
2014,9,25,23,0,8.978
2014,9,26,1,0,8.879
2014,9,26,3,0,8.779
2014,9,26,5,0,8.779
2014,9,26,7,0,8.581
2014,9,26,9,0,8.581
2014,9,26,11,0,8.779
2014,9,26,13,0,8.978
2014,9,26,15,0,9.176
2014,9,26,17,0,9.275
2014,9,26,19,0,9.275
2014,9,26,21,0,9.176
2014,9,26,23,0,9.077
2014,9,27,1,0,9.077
2014,9,27,3,0,8.978
2014,9,27,5,0,8.779
2014,9,27,7,0,8.581
2014,9,27,9,0,8.481
2014,9,27,11,0,8.581
2014,9,27,13,0,8.978
2014,9,27,15,0,9.176
2014,9,27,17,0,9.176
2014,9,27,19,0,9.176
2014,9,27,21,0,9.077
2014,9,27,23,0,8.879
2014,9,28,1,0,8.779
2014,9,28,3,0,8.68
2014,9,28,5,0,8.581
2014,9,28,7,0,8.481
2014,9,28,9,0,8.382
2014,9,28,11,0,8.581
2014,9,28,13,0,8.779
2014,9,28,15,0,8.978
2014,9,28,17,0,9.077
2014,9,28,19,0,9.077
2014,9,28,21,0,8.978
2014,9,28,23,0,8.879
2014,9,29,1,0,8.779
2014,9,29,3,0,8.581
2014,9,29,5,0,8.481
2014,9,29,7,0,8.382
2014,9,29,9,0,8.282
2014,9,29,11,0,8.581
2014,9,29,13,0,8.879
2014,9,29,15,0,9.077
2014,9,29,17,0,9.077
2014,9,29,19,0,9.176
2014,9,29,21,0,8.978
2014,9,29,23,0,8.68
2014,9,30,1,0,8.382
2014,9,30,3,0,8.282
2014,9,30,5,0,8.182
2014,9,30,7,0,8.082
2014,9,30,9,0,7.882
2014,9,30,11,0,7.882
2014,9,30,13,0,8.082
2014,9,30,15,0,8.282
2014,9,30,17,0,8.182
2014,9,30,19,0,8.082
2014,9,30,21,0,7.882
2014,9,30,23,0,7.882
2014,10,1,1,0,7.682
2014,10,1,3,0,7.481
2014,10,1,5,0,7.28
2014,10,1,7,0,7.079
2014,10,1,9,0,7.079
2014,10,1,11,0,7.28
2014,10,1,13,0,7.481
2014,10,1,15,0,7.782
2014,10,1,17,0,7.782
2014,10,1,19,0,7.782
2014,10,1,21,0,7.682
2014,10,1,23,0,7.582
2014,10,2,1,0,7.481
2014,10,2,3,0,7.381
2014,10,2,5,0,7.079
2014,10,2,7,0,6.877
2014,10,2,9,0,6.775
2014,10,2,11,0,6.877
2014,10,2,13,0,7.079
2014,10,2,15,0,7.381
2014,10,2,17,0,7.582
2014,10,2,19,0,7.582
2014,10,2,21,0,7.481
2014,10,2,23,0,7.381
2014,10,3,1,0,7.28
2014,10,3,3,0,7.28
2014,10,3,5,0,7.28
2014,10,3,7,0,7.28
2014,10,3,9,0,7.381
2014,10,3,11,0,7.582
2014,10,3,13,0,7.983
2014,10,3,15,0,8.382
2014,10,3,17,0,8.481
2014,10,3,19,0,8.481
2014,10,3,21,0,8.382
2014,10,3,23,0,8.282
2014,10,4,1,0,8.282
2014,10,4,3,0,8.182
2014,10,4,5,0,8.182
2014,10,4,7,0,8.282
2014,10,4,9,0,8.282
2014,10,4,11,0,8.481
2014,10,4,13,0,8.879
2014,10,4,15,0,9.176
2014,10,4,17,0,9.176
2014,10,4,19,0,9.077
2014,10,4,21,0,8.978
2014,10,4,23,0,8.879
2014,10,5,1,0,8.779
2014,10,5,3,0,8.779
2014,10,5,5,0,8.779
2014,10,5,7,0,8.779
2014,10,5,9,0,8.68
2014,10,5,11,0,8.779
2014,10,5,13,0,8.978
2014,10,5,15,0,9.275
2014,10,5,17,0,9.373
2014,10,5,19,0,9.275
2014,10,5,21,0,9.176
2014,10,5,23,0,9.077
2014,10,6,1,0,8.978
2014,10,6,3,0,8.879
2014,10,6,5,0,8.879
2014,10,6,7,0,8.879
2014,10,6,9,0,8.879
2014,10,6,11,0,8.978
2014,10,6,13,0,9.275
2014,10,6,15,0,9.571
2014,10,6,17,0,9.669
2014,10,6,19,0,9.571
2014,10,6,21,0,9.472
2014,10,6,23,0,9.373
2014,10,7,1,0,9.275
2014,10,7,3,0,9.275
2014,10,7,5,0,9.176
2014,10,7,7,0,9.176
2014,10,7,9,0,9.077
2014,10,7,11,0,9.176
2014,10,7,13,0,9.373
2014,10,7,15,0,9.571
2014,10,7,17,0,9.669
2014,10,7,19,0,9.768
2014,10,7,21,0,9.669
2014,10,7,23,0,9.669
2014,10,8,1,0,9.571
2014,10,8,3,0,9.373
2014,10,8,5,0,8.978
2014,10,8,7,0,8.68
2014,10,8,9,0,8.68
2014,10,8,11,0,8.879
2014,10,8,13,0,9.176
2014,10,8,15,0,9.373
2014,10,8,17,0,9.275
2014,10,8,19,0,9.077
2014,10,8,21,0,8.879
2014,10,8,23,0,8.68
2014,10,9,1,0,8.581
2014,10,9,3,0,8.382
2014,10,9,5,0,8.282
2014,10,9,7,0,8.282
2014,10,9,9,0,8.282
2014,10,9,11,0,8.382
2014,10,9,13,0,8.581
2014,10,9,15,0,8.879
2014,10,9,17,0,8.978
2014,10,9,19,0,8.978
2014,10,9,21,0,8.879
2014,10,9,23,0,8.68
2014,10,10,1,0,8.581
2014,10,10,3,0,8.481
2014,10,10,5,0,8.382
2014,10,10,7,0,8.282
2014,10,10,9,0,8.282
2014,10,10,11,0,8.382
2014,10,10,13,0,8.68
2014,10,10,15,0,9.077
2014,10,10,17,0,9.077
2014,10,10,19,0,8.978
2014,10,10,21,0,8.879
2014,10,10,23,0,8.779
2014,10,11,1,0,8.779
2014,10,11,3,0,8.779
2014,10,11,5,0,8.779
2014,10,11,7,0,8.68
2014,10,11,9,0,8.481
2014,10,11,11,0,8.481
2014,10,11,13,0,8.481
2014,10,11,15,0,8.182
2014,10,11,17,0,8.182
2014,10,11,19,0,8.082
2014,10,11,21,0,8.082
2014,10,11,23,0,8.082
2014,10,12,1,0,7.983
2014,10,12,3,0,7.983
2014,10,12,5,0,7.882
2014,10,12,7,0,7.782
2014,10,12,9,0,7.782
2014,10,12,11,0,7.882
2014,10,12,13,0,7.983
2014,10,12,15,0,8.182
2014,10,12,17,0,8.182
2014,10,12,19,0,8.182
2014,10,12,21,0,8.082
2014,10,12,23,0,7.983
2014,10,13,1,0,7.983
2014,10,13,3,0,7.882
2014,10,13,5,0,7.782
2014,10,13,7,0,7.682
2014,10,13,9,0,7.782
2014,10,13,11,0,7.983
2014,10,13,13,0,8.282
2014,10,13,15,0,8.481
2014,10,13,17,0,8.581
2014,10,13,19,0,8.779
2014,10,13,21,0,8.879
2014,10,13,23,0,8.978
2014,10,14,1,0,8.68
2014,10,14,3,0,7.582
2014,10,14,5,0,7.481
2014,10,14,7,0,7.582
2014,10,14,9,0,7.582
2014,10,14,11,0,7.682
2014,10,14,13,0,7.983
2014,10,14,15,0,8.182
2014,10,14,17,0,8.182
2014,10,14,19,0,8.182
2014,10,14,21,0,8.082
2014,10,14,23,0,7.983
2014,10,15,1,0,7.882
2014,10,15,3,0,7.782
2014,10,15,5,0,7.682
2014,10,15,7,0,7.582
2014,10,15,9,0,7.481
2014,10,15,11,0,7.582
2014,10,15,13,0,6.978
2014,10,15,15,0,7.079
2014,10,15,17,0,7.079
2014,10,15,19,0,6.877
2014,10,15,21,0,6.877
2014,10,15,23,0,6.877
2014,10,16,1,0,6.978
2014,10,16,3,0,6.877
2014,10,16,5,0,6.775
2014,10,16,7,0,6.775
2014,10,16,9,0,6.775
2014,10,16,11,0,6.877
2014,10,16,13,0,7.079
2014,10,16,15,0,7.179
2014,10,16,17,0,7.179
2014,10,16,19,0,7.079
2014,10,16,21,0,6.978
2014,10,16,23,0,6.877
2014,10,17,1,0,6.775
2014,10,17,3,0,6.775
2014,10,17,5,0,6.877
2014,10,17,7,0,6.978
2014,10,17,9,0,6.978
2014,10,17,11,0,7.179
2014,10,17,13,0,7.481
2014,10,17,15,0,7.782
2014,10,17,17,0,7.882
2014,10,17,19,0,7.983
2014,10,17,21,0,8.282
2014,10,17,23,0,8.282
2014,10,18,1,0,8.282
2014,10,18,3,0,8.382
2014,10,18,5,0,8.282
2014,10,18,7,0,8.282
2014,10,18,9,0,8.382
2014,10,18,11,0,8.481
2014,10,18,13,0,8.581
2014,10,18,15,0,8.68
2014,10,18,17,0,8.68
2014,10,18,19,0,8.581
2014,10,18,21,0,8.481
2014,10,18,23,0,8.282
2014,10,19,1,0,8.182
2014,10,19,3,0,7.983
2014,10,19,5,0,7.983
2014,10,19,7,0,7.983
2014,10,19,9,0,7.983
2014,10,19,11,0,8.182
2014,10,19,13,0,8.481
2014,10,19,15,0,8.779
2014,10,19,17,0,8.779
2014,10,19,19,0,8.779
2014,10,19,21,0,8.68
2014,10,19,23,0,8.581
2014,10,20,1,0,8.481
2014,10,20,3,0,8.481
2014,10,20,5,0,8.68
2014,10,20,7,0,8.581
2014,10,20,9,0,8.581
2014,10,20,11,0,8.481
2014,10,20,13,0,8.481
2014,10,20,15,0,8.382
2014,10,20,17,0,8.282
2014,10,20,19,0,8.082
2014,10,20,21,0,7.882
2014,10,20,23,0,7.782
2014,10,21,1,0,7.682
2014,10,21,3,0,7.582
2014,10,21,5,0,7.481
2014,10,21,7,0,7.481
2014,10,21,9,0,7.381
2014,10,21,11,0,7.381
2014,10,21,13,0,7.481
2014,10,21,15,0,7.481
2014,10,21,17,0,7.481
2014,10,21,19,0,7.381
2014,10,21,21,0,7.179
2014,10,21,23,0,7.179
2014,10,22,1,0,7.179
2014,10,22,3,0,7.381
2014,10,22,5,0,7.481
2014,10,22,7,0,7.582
2014,10,22,9,0,7.682
2014,10,22,11,0,7.682
2014,10,22,13,0,7.782
2014,10,22,15,0,7.682
2014,10,22,17,0,7.682
2014,10,22,19,0,7.582
2014,10,22,21,0,7.582
2014,10,22,23,0,7.582
2014,10,23,1,0,7.28
2014,10,23,3,0,7.179
2014,10,23,5,0,6.877
2014,10,23,7,0,6.166
2014,10,23,9,0,6.166
2014,10,23,11,0,5.962
2014,10,23,13,0,6.268
2014,10,23,15,0,6.37
2014,10,23,17,0,5.86
2014,10,23,19,0,4.519
2014,10,23,21,0,4.623
2014,10,23,23,0,5.037
2014,10,24,1,0,5.141
2014,10,24,3,0,5.244
2014,10,24,5,0,5.45
2014,10,24,7,0,5.45
2014,10,24,9,0,5.45
2014,10,24,11,0,5.655
2014,10,24,13,0,5.962
2014,10,24,15,0,6.268
2014,10,24,17,0,6.37
2014,10,24,19,0,6.268
2014,10,24,21,0,6.166
2014,10,24,23,0,6.166
2014,10,25,1,0,6.268
2014,10,25,3,0,6.268
2014,10,25,5,0,6.37
2014,10,25,7,0,6.37
2014,10,25,9,0,6.37
2014,10,25,11,0,6.471
2014,10,25,13,0,6.775
2014,10,25,15,0,7.079
2014,10,25,17,0,7.179
2014,10,25,19,0,7.079
2014,10,25,21,0,6.166
2014,10,25,23,0,5.655
2014,10,26,1,0,5.45
2014,10,26,3,0,5.037
2014,10,26,5,0,5.141
2014,10,26,7,0,5.141
2014,10,26,9,0,4.311
2014,10,26,11,0,3.998
2014,10,26,13,0,3.998
2014,10,26,15,0,3.683
2014,10,26,17,0,4.311
2014,10,26,19,0,4.623
2014,10,26,21,0,4.207
2014,10,26,23,0,4.519
2014,10,27,1,0,4.623
2014,10,27,3,0,4.519
2014,10,27,5,0,4.519
2014,10,27,7,0,4.415
2014,10,27,9,0,4.415
2014,10,27,11,0,4.519
2014,10,27,13,0,4.623
2014,10,27,15,0,4.934
2014,10,27,17,0,5.141
2014,10,27,19,0,5.141
2014,10,27,21,0,5.037
2014,10,27,23,0,5.037
2014,10,28,1,0,5.037
2014,10,28,3,0,5.141
2014,10,28,5,0,5.244
2014,10,28,7,0,5.45
2014,10,28,9,0,5.757
2014,10,28,11,0,6.064
2014,10,28,13,0,6.37
2014,10,28,15,0,6.471
2014,10,28,17,0,6.573
2014,10,28,19,0,6.573
2014,10,28,21,0,6.573
2014,10,28,23,0,6.573
2014,10,29,1,0,6.471
2014,10,29,3,0,6.471
2014,10,29,5,0,6.471
2014,10,29,7,0,6.471
2014,10,29,9,0,6.471
2014,10,29,11,0,6.573
2014,10,29,13,0,6.674
2014,10,29,15,0,6.775
2014,10,29,17,0,6.877
2014,10,29,19,0,6.775
2014,10,29,21,0,6.471
2014,10,29,23,0,6.471
2014,10,30,1,0,6.37
2014,10,30,3,0,6.37
2014,10,30,5,0,6.471
2014,10,30,7,0,6.573
2014,10,30,9,0,6.674
2014,10,30,11,0,6.877
2014,10,30,13,0,6.978
2014,10,30,15,0,7.179
2014,10,30,17,0,7.28
2014,10,30,19,0,7.28
2014,10,30,21,0,7.179
2014,10,30,23,0,7.179
2014,10,31,1,0,7.179
2014,10,31,3,0,6.978
2014,10,31,5,0,6.978
2014,10,31,7,0,6.877
2014,10,31,9,0,6.775
2014,10,31,11,0,6.37
2014,10,31,13,0,6.37
2014,10,31,15,0,6.37
2014,10,31,17,0,6.37
2014,10,31,19,0,6.166
2014,10,31,21,0,6.064
2014,10,31,23,0,5.86
2014,11,1,1,0,5.655
2014,11,1,3,0,5.45
2014,11,1,5,0,5.244
2014,11,1,7,0,5.141
2014,11,1,9,0,5.037
2014,11,1,11,0,5.037
2014,11,1,13,0,5.347
2014,11,1,15,0,5.45
2014,11,1,17,0,5.45
2014,11,1,19,0,5.347
2014,11,1,21,0,5.244
2014,11,1,23,0,5.141
2014,11,2,1,0,5.141
2014,11,2,3,0,5.141
2014,11,2,5,0,5.141
2014,11,2,7,0,4.934
2014,11,2,9,0,4.934
2014,11,2,11,0,5.037
2014,11,2,13,0,5.141
2014,11,2,15,0,5.45
2014,11,2,17,0,5.45
2014,11,2,19,0,5.347
2014,11,2,21,0,5.347
2014,11,2,23,0,5.347
2014,11,3,1,0,5.45
2014,11,3,3,0,5.45
2014,11,3,5,0,5.655
2014,11,3,7,0,5.757
2014,11,3,9,0,5.86
2014,11,3,11,0,6.064
2014,11,3,13,0,6.268
2014,11,3,15,0,6.471
2014,11,3,17,0,6.471
2014,11,3,19,0,6.471
2014,11,3,21,0,6.471
2014,11,3,23,0,6.471
2014,11,4,1,0,6.37
2014,11,4,3,0,6.471
2014,11,4,5,0,6.573
2014,11,4,7,0,6.877
2014,11,4,9,0,6.877
2014,11,4,11,0,6.877
2014,11,4,13,0,6.877
2014,11,4,15,0,6.978
2014,11,4,17,0,6.877
2014,11,4,19,0,6.775
2014,11,4,21,0,6.573
2014,11,4,23,0,6.37
2014,11,5,1,0,6.268
2014,11,5,3,0,6.166
2014,11,5,5,0,6.064
2014,11,5,7,0,6.166
2014,11,5,9,0,6.268
2014,11,5,11,0,6.471
2014,11,5,13,0,6.775
2014,11,5,15,0,7.079
2014,11,5,17,0,7.179
2014,11,5,19,0,7.28
2014,11,5,21,0,7.28
2014,11,5,23,0,7.381
2014,11,6,1,0,7.381
2014,11,6,3,0,7.481
2014,11,6,5,0,7.582
2014,11,6,7,0,7.682
2014,11,6,9,0,7.682
2014,11,6,11,0,7.582
2014,11,6,13,0,7.582
2014,11,6,15,0,7.381
2014,11,6,17,0,7.28
2014,11,6,19,0,6.775
2014,11,6,21,0,5.037
2014,11,6,23,0,5.347
2014,11,7,1,0,5.552
2014,11,7,3,0,5.552
2014,11,7,5,0,5.45
2014,11,7,7,0,5.244
2014,11,7,9,0,5.037
2014,11,7,11,0,4.934
2014,11,7,13,0,5.037
2014,11,7,15,0,5.141
2014,11,7,17,0,5.141
2014,11,7,19,0,5.037
2014,11,7,21,0,4.934
2014,11,7,23,0,4.727
2014,11,8,1,0,4.623
2014,11,8,3,0,4.623
2014,11,8,5,0,4.623
2014,11,8,7,0,4.623
2014,11,8,9,0,4.623
2014,11,8,11,0,4.727
2014,11,8,13,0,4.831
2014,11,8,15,0,5.037
2014,11,8,17,0,5.244
2014,11,8,19,0,5.347
2014,11,8,21,0,5.45
2014,11,8,23,0,5.45
2014,11,9,1,0,5.552
2014,11,9,3,0,5.552
2014,11,9,5,0,5.655
2014,11,9,7,0,5.655
2014,11,9,9,0,5.552
2014,11,9,11,0,5.552
2014,11,9,13,0,5.655
2014,11,9,15,0,5.552
2014,11,9,17,0,5.347
2014,11,9,19,0,3.472
2014,11,9,21,0,3.788
2014,11,9,23,0,3.998
2014,11,10,1,0,4.207
2014,11,10,3,0,4.207
2014,11,10,5,0,4.102
2014,11,10,7,0,3.998
2014,11,10,9,0,3.893
2014,11,10,11,0,3.893
2014,11,10,13,0,3.788
2014,11,10,15,0,3.788
2014,11,10,17,0,3.788
2014,11,10,19,0,3.788
2014,11,10,21,0,3.683
2014,11,10,23,0,3.578
2014,11,11,1,0,3.472
2014,11,11,3,0,3.367
2014,11,11,5,0,3.261
2014,11,11,7,0,3.155
2014,11,11,9,0,3.049
2014,11,11,11,0,2.943
2014,11,11,13,0,2.837
2014,11,11,15,0,2.73
2014,11,11,17,0,2.624
2014,11,11,19,0,2.517
2014,11,11,21,0,2.303
2014,11,11,23,0,2.195
2014,11,12,1,0,2.088
2014,11,12,3,0,1.98
2014,11,12,5,0,1.872
2014,11,12,7,0,1.872
2014,11,12,9,0,1.764
2014,11,12,11,0,1.656
2014,11,12,13,0,1.656
2014,11,12,15,0,1.656
2014,11,12,17,0,1.656
2014,11,12,19,0,1.656
2014,11,12,21,0,1.548
2014,11,12,23,0,1.548
2014,11,13,1,0,1.439
2014,11,13,3,0,1.439
2014,11,13,5,0,1.439
2014,11,13,7,0,1.439
2014,11,13,9,0,1.33
2014,11,13,11,0,1.33
2014,11,13,13,0,1.439
2014,11,13,15,0,1.439
2014,11,13,17,0,1.439
2014,11,13,19,0,1.439
2014,11,13,21,0,1.439
2014,11,13,23,0,1.439
2014,11,14,1,0,1.439
2014,11,14,3,0,1.33
2014,11,14,5,0,1.33
2014,11,14,7,0,1.33
2014,11,14,9,0,1.221
2014,11,14,11,0,1.221
2014,11,14,13,0,1.221
2014,11,14,15,0,1.221
2014,11,14,17,0,1.221
2014,11,14,19,0,1.221
2014,11,14,21,0,1.112
2014,11,14,23,0,1.112
2014,11,15,1,0,1.112
2014,11,15,3,0,1.112
2014,11,15,5,0,1.003
2014,11,15,7,0,1.003
2014,11,15,9,0,1.003
2014,11,15,11,0,1.003
2014,11,15,13,0,0.893
2014,11,15,15,0,0.893
2014,11,15,17,0,0.893
2014,11,15,19,0,0.893
2014,11,15,21,0,0.893
2014,11,15,23,0,0.893
2014,11,16,1,0,0.893
2014,11,16,3,0,0.893
2014,11,16,5,0,0.893
2014,11,16,7,0,0.893
2014,11,16,9,0,0.893
2014,11,16,11,0,0.893
2014,11,16,13,0,0.893
2014,11,16,15,0,0.893
2014,11,16,17,0,0.893
2014,11,16,19,0,0.893
2014,11,16,21,0,1.003
2014,11,16,23,0,1.003
2014,11,17,1,0,1.003
2014,11,17,3,0,1.003
2014,11,17,5,0,1.112
2014,11,17,7,0,1.112
2014,11,17,9,0,1.112
2014,11,17,11,0,1.112
2014,11,17,13,0,1.112
2014,11,17,15,0,1.221
2014,11,17,17,0,1.221
2014,11,17,19,0,1.221
2014,11,17,21,0,1.33
2014,11,17,23,0,1.33
2014,11,18,1,0,1.33
2014,11,18,3,0,1.33
2014,11,18,5,0,1.439
2014,11,18,7,0,1.439
2014,11,18,9,0,1.548
2014,11,18,11,0,1.656
2014,11,18,13,0,1.872
2014,11,18,15,0,1.98
2014,11,18,17,0,2.088
2014,11,18,19,0,2.088
2014,11,18,21,0,2.088
2014,11,18,23,0,2.088
2014,11,19,1,0,2.195
2014,11,19,3,0,2.303
2014,11,19,5,0,2.303
2014,11,19,7,0,2.41
2014,11,19,9,0,2.517
2014,11,19,11,0,2.624
2014,11,19,13,0,2.943
2014,11,19,15,0,3.155
2014,11,19,17,0,3.261
2014,11,19,19,0,3.261
2014,11,19,21,0,3.155
2014,11,19,23,0,3.049
2014,11,20,1,0,3.049
2014,11,20,3,0,3.155
2014,11,20,5,0,3.155
2014,11,20,7,0,3.155
2014,11,20,9,0,3.155
2014,11,20,11,0,3.155
2014,11,20,13,0,3.261
2014,11,20,15,0,3.367
2014,11,20,17,0,3.367
2014,11,20,19,0,3.367
2014,11,20,21,0,3.367
2014,11,20,23,0,3.261
2014,11,21,1,0,3.261
2014,11,21,3,0,3.261
2014,11,21,5,0,3.367
2014,11,21,7,0,3.367
2014,11,21,9,0,3.472
2014,11,21,11,0,3.578
2014,11,21,13,0,3.683
2014,11,21,15,0,3.683
2014,11,21,17,0,3.893
2014,11,21,19,0,4.311
2014,11,21,21,0,4.519
2014,11,21,23,0,4.207
2014,11,22,1,0,3.893
2014,11,22,3,0,3.261
2014,11,22,5,0,3.155
2014,11,22,7,0,3.049
2014,11,22,9,0,2.73
2014,11,22,11,0,2.624
2014,11,22,13,0,2.517
2014,11,22,15,0,2.517
2014,11,22,17,0,2.517
2014,11,22,19,0,2.517
2014,11,22,21,0,2.41
2014,11,22,23,0,2.41
2014,11,23,1,0,2.303
2014,11,23,3,0,2.303
2014,11,23,5,0,2.303
2014,11,23,7,0,2.303
2014,11,23,9,0,2.195
2014,11,23,11,0,1.98
2014,11,23,13,0,1.764
2014,11,23,15,0,1.656
2014,11,23,17,0,1.548
2014,11,23,19,0,1.548
2014,11,23,21,0,1.548
2014,11,23,23,0,1.656
2014,11,24,1,0,1.656
2014,11,24,3,0,1.764
2014,11,24,5,0,1.764
2014,11,24,7,0,1.764
2014,11,24,9,0,1.872
2014,11,24,11,0,1.872
2014,11,24,13,0,1.872
2014,11,24,15,0,1.872
2014,11,24,17,0,1.872
2014,11,24,19,0,1.872
2014,11,24,21,0,1.33
2014,11,24,23,0,1.112
2014,11,25,1,0,1.221
2014,11,25,3,0,1.221
2014,11,25,5,0,2.303
2014,11,25,7,0,2.517
2014,11,25,9,0,2.73
2014,11,25,11,0,2.943
2014,11,25,13,0,3.367
2014,11,25,15,0,3.472
2014,11,25,17,0,3.578
2014,11,25,19,0,3.472
2014,11,25,21,0,3.578
2014,11,25,23,0,3.683
2014,11,26,1,0,3.788
2014,11,26,3,0,3.893
2014,11,26,5,0,3.893
2014,11,26,7,0,3.998
2014,11,26,9,0,4.311
2014,11,26,11,0,4.623
2014,11,26,13,0,4.934
2014,11,26,15,0,5.141
2014,11,26,17,0,5.244
2014,11,26,19,0,5.45
2014,11,26,21,0,5.552
2014,11,26,23,0,5.655
2014,11,27,1,0,5.552
2014,11,27,3,0,5.45
2014,11,27,5,0,5.244
2014,11,27,7,0,5.347
2014,11,27,9,0,5.347
2014,11,27,11,0,5.347
2014,11,27,13,0,5.347
2014,11,27,15,0,5.347
2014,11,27,17,0,5.347
2014,11,27,19,0,5.244
2014,11,27,21,0,5.141
2014,11,27,23,0,5.141
2014,11,28,1,0,5.141
2014,11,28,3,0,5.037
2014,11,28,5,0,5.037
2014,11,28,7,0,5.037
2014,11,28,9,0,5.037
2014,11,28,11,0,5.037
2014,11,28,13,0,5.037
2014,11,28,15,0,4.934
2014,11,28,17,0,3.788
2014,11,28,19,0,3.155
2014,11,28,21,0,2.943
2014,11,28,23,0,2.837
2014,11,29,1,0,2.837
2014,11,29,3,0,2.837
2014,11,29,5,0,2.73
2014,11,29,7,0,2.73
2014,11,29,9,0,2.73
2014,11,29,11,0,2.624
2014,11,29,13,0,2.624
2014,11,29,15,0,2.624
2014,11,29,17,0,2.517
2014,11,29,19,0,2.517
2014,11,29,21,0,2.517
2014,11,29,23,0,2.517
2014,11,30,1,0,2.517
2014,11,30,3,0,2.517
2014,11,30,5,0,2.517
2014,11,30,7,0,2.41
2014,11,30,9,0,2.41
2014,11,30,11,0,2.41
2014,11,30,13,0,2.41
2014,11,30,15,0,2.303
2014,11,30,17,0,2.303
2014,11,30,19,0,2.303
2014,11,30,21,0,2.195
2014,11,30,23,0,2.195
2014,12,1,1,0,2.195
2014,12,1,3,0,2.195
2014,12,1,5,0,2.195
2014,12,1,7,0,2.195
2014,12,1,9,0,2.195
2014,12,1,11,0,2.195
2014,12,1,13,0,2.195
2014,12,1,15,0,2.088
2014,12,1,17,0,2.088
2014,12,1,19,0,2.088
2014,12,1,21,0,2.195
2014,12,1,23,0,2.195
2014,12,2,1,0,2.195
2014,12,2,3,0,2.088
2014,12,2,5,0,2.088
2014,12,2,7,0,2.088
2014,12,2,9,0,2.088
2014,12,2,11,0,2.088
2014,12,2,13,0,2.088
2014,12,2,15,0,2.088
2014,12,2,17,0,2.088
2014,12,2,19,0,2.088
2014,12,2,21,0,2.088
2014,12,2,23,0,2.088
2014,12,3,1,0,2.088
2014,12,3,3,0,2.088
2014,12,3,5,0,2.088
2014,12,3,7,0,2.088
2014,12,3,9,0,2.088
2014,12,3,11,0,2.088
2014,12,3,13,0,2.088
2014,12,3,15,0,2.088
2014,12,3,17,0,2.088
2014,12,3,19,0,2.088
2014,12,3,21,0,2.088
2014,12,3,23,0,2.088
2014,12,4,1,0,2.088
2014,12,4,3,0,2.088
2014,12,4,5,0,1.98
2014,12,4,7,0,1.98
2014,12,4,9,0,1.872
2014,12,4,11,0,1.872
2014,12,4,13,0,1.872
2014,12,4,15,0,1.872
2014,12,4,17,0,1.872
2014,12,4,19,0,1.872
2014,12,4,21,0,1.872
2014,12,4,23,0,1.872
2014,12,5,1,0,1.872
2014,12,5,3,0,1.872
2014,12,5,5,0,1.872
2014,12,5,7,0,1.872
2014,12,5,9,0,1.872
2014,12,5,11,0,1.872
2014,12,5,13,0,1.872
2014,12,5,15,0,1.98
2014,12,5,17,0,1.98
2014,12,5,19,0,1.98
2014,12,5,21,0,1.98
2014,12,5,23,0,2.088
2014,12,6,1,0,2.195
2014,12,6,3,0,2.303
2014,12,6,5,0,2.303
2014,12,6,7,0,2.41
2014,12,6,9,0,2.41
2014,12,6,11,0,2.41
2014,12,6,13,0,2.195
2014,12,6,15,0,2.303
2014,12,6,17,0,2.41
2014,12,6,19,0,2.517
2014,12,6,21,0,2.517
2014,12,6,23,0,2.517
2014,12,7,1,0,2.517
2014,12,7,3,0,2.517
2014,12,7,5,0,2.41
2014,12,7,7,0,2.41
2014,12,7,9,0,2.517
2014,12,7,11,0,2.517
2014,12,7,13,0,2.73
2014,12,7,15,0,2.837
2014,12,7,17,0,2.943
2014,12,7,19,0,2.943
2014,12,7,21,0,2.837
2014,12,7,23,0,2.943
2014,12,8,1,0,2.943
2014,12,8,3,0,3.155
2014,12,8,5,0,3.367
2014,12,8,7,0,3.472
2014,12,8,9,0,3.367
2014,12,8,11,0,3.261
2014,12,8,13,0,3.472
2014,12,8,15,0,3.683
2014,12,8,17,0,3.893
2014,12,8,19,0,4.102
2014,12,8,21,0,4.311
2014,12,8,23,0,4.519
2014,12,9,1,0,4.727
2014,12,9,3,0,4.934
2014,12,9,5,0,5.037
2014,12,9,7,0,5.141
2014,12,9,9,0,5.244
2014,12,9,11,0,5.347
2014,12,9,13,0,5.45
2014,12,9,15,0,5.552
2014,12,9,17,0,5.45
2014,12,9,19,0,5.347
2014,12,9,21,0,5.141
2014,12,9,23,0,5.037
2014,12,10,1,0,5.037
2014,12,10,3,0,5.037
2014,12,10,5,0,5.141
2014,12,10,7,0,5.244
2014,12,10,9,0,5.347
2014,12,10,11,0,5.45
2014,12,10,13,0,5.552
2014,12,10,15,0,5.757
2014,12,10,17,0,5.757
2014,12,10,19,0,5.655
2014,12,10,21,0,5.45
2014,12,10,23,0,5.037
2014,12,11,1,0,4.831
2014,12,11,3,0,4.623
2014,12,11,5,0,4.311
2014,12,11,7,0,4.102
2014,12,11,9,0,4.207
2014,12,11,11,0,4.415
2014,12,11,13,0,4.623
2014,12,11,15,0,4.831
2014,12,11,17,0,4.934
2014,12,11,19,0,4.934
2014,12,11,21,0,4.934
2014,12,11,23,0,4.831
2014,12,12,1,0,4.727
2014,12,12,3,0,4.519
2014,12,12,5,0,4.519
2014,12,12,7,0,4.415
2014,12,12,9,0,4.311
2014,12,12,11,0,4.311
2014,12,12,13,0,4.311
2014,12,12,15,0,4.311
2014,12,12,17,0,4.311
2014,12,12,19,0,3.998
2014,12,12,21,0,3.788
2014,12,12,23,0,3.683
2014,12,13,1,0,3.472
2014,12,13,3,0,3.367
2014,12,13,5,0,3.261
2014,12,13,7,0,3.261
2014,12,13,9,0,3.261
2014,12,13,11,0,3.261
2014,12,13,13,0,3.367
2014,12,13,15,0,3.367
2014,12,13,17,0,3.367
2014,12,13,19,0,3.261
2014,12,13,21,0,3.155
2014,12,13,23,0,3.049
2014,12,14,1,0,2.837
2014,12,14,3,0,2.73
2014,12,14,5,0,2.624
2014,12,14,7,0,2.517
2014,12,14,9,0,2.41
2014,12,14,11,0,2.303
2014,12,14,13,0,2.303
2014,12,14,15,0,2.303
2014,12,14,17,0,2.303
2014,12,14,19,0,2.195
2014,12,14,21,0,2.195
2014,12,14,23,0,2.088
2014,12,15,1,0,1.98
2014,12,15,3,0,1.98
2014,12,15,5,0,1.872
2014,12,15,7,0,1.872
2014,12,15,9,0,1.872
2014,12,15,11,0,1.872
2014,12,15,13,0,1.98
2014,12,15,15,0,1.98
2014,12,15,17,0,2.088
2014,12,15,19,0,2.195
2014,12,15,21,0,2.195
2014,12,15,23,0,2.195
2014,12,16,1,0,2.195
2014,12,16,3,0,2.303
2014,12,16,5,0,2.41
2014,12,16,7,0,2.41
2014,12,16,9,0,2.41
2014,12,16,11,0,2.517
2014,12,16,13,0,2.624
2014,12,16,15,0,2.73
2014,12,16,17,0,2.73
2014,12,16,19,0,2.624
2014,12,16,21,0,2.517
2014,12,16,23,0,2.517
2014,12,17,1,0,2.41
2014,12,17,3,0,2.517
2014,12,17,5,0,2.517
2014,12,17,7,0,2.517
2014,12,17,9,0,2.517
2014,12,17,11,0,2.624
2014,12,17,13,0,2.73
2014,12,17,15,0,2.837
2014,12,17,17,0,2.943
2014,12,17,19,0,2.837
2014,12,17,21,0,2.837
2014,12,17,23,0,2.837
2014,12,18,1,0,2.837
2014,12,18,3,0,2.837
2014,12,18,5,0,2.837
2014,12,18,7,0,2.837
2014,12,18,9,0,2.73
2014,12,18,11,0,2.837
2014,12,18,13,0,2.943
2014,12,18,15,0,3.155
2014,12,18,17,0,3.261
2014,12,18,19,0,3.261
2014,12,18,21,0,3.367
2014,12,18,23,0,3.578
2014,12,19,1,0,3.578
2014,12,19,3,0,3.578
2014,12,19,5,0,3.472
2014,12,19,7,0,3.261
2014,12,19,9,0,3.155
2014,12,19,11,0,3.155
2014,12,19,13,0,3.049
2014,12,19,15,0,3.049
2014,12,19,17,0,2.943
2014,12,19,19,0,2.837
2014,12,19,21,0,2.837
2014,12,19,23,0,2.73
2014,12,20,1,0,2.73
2014,12,20,3,0,2.837
2014,12,20,5,0,2.837
2014,12,20,7,0,3.049
2014,12,20,9,0,3.155
2014,12,20,11,0,3.472
2014,12,20,13,0,3.683
2014,12,20,15,0,3.893
2014,12,20,17,0,3.998
2014,12,20,19,0,4.207
2014,12,20,21,0,4.831
2014,12,20,23,0,5.244
2014,12,21,1,0,4.934
2014,12,21,3,0,4.623
2014,12,21,5,0,4.311
2014,12,21,7,0,4.207
2014,12,21,9,0,3.998
2014,12,21,11,0,3.998
2014,12,21,13,0,3.998
2014,12,21,15,0,3.998
2014,12,21,17,0,3.049
2014,12,21,19,0,3.261
2014,12,21,21,0,3.367
2014,12,21,23,0,3.472
2014,12,22,1,0,3.049
2014,12,22,3,0,2.517
2014,12,22,5,0,2.73
2014,12,22,7,0,2.837
2014,12,22,9,0,2.73
2014,12,22,11,0,2.837
2014,12,22,13,0,2.837
2014,12,22,15,0,2.837
2014,12,22,17,0,2.943
2014,12,22,19,0,2.73
2014,12,22,21,0,2.624
2014,12,22,23,0,2.517
2014,12,23,1,0,2.517
2014,12,23,3,0,2.517
2014,12,23,5,0,2.517
2014,12,23,7,0,2.624
2014,12,23,9,0,2.943
2014,12,23,11,0,3.155
2014,12,23,13,0,3.578
2014,12,23,15,0,3.893
2014,12,23,17,0,4.102
2014,12,23,19,0,4.311
2014,12,23,21,0,4.207
2014,12,23,23,0,3.788
2014,12,24,1,0,3.261
2014,12,24,3,0,2.73
2014,12,24,5,0,2.517
2014,12,24,7,0,2.303
2014,12,24,9,0,2.088
2014,12,24,11,0,2.088
2014,12,24,13,0,2.088
2014,12,24,15,0,2.088
2014,12,24,17,0,2.195
2014,12,24,19,0,2.195
2014,12,24,21,0,2.195
2014,12,24,23,0,2.195
2014,12,25,1,0,2.195
2014,12,25,3,0,2.303
2014,12,25,5,0,2.195
2014,12,25,7,0,2.195
2014,12,25,9,0,2.195
2014,12,25,11,0,2.195
2014,12,25,13,0,2.195
2014,12,25,15,0,2.195
2014,12,25,17,0,2.195
2014,12,25,19,0,2.195
2014,12,25,21,0,2.088
2014,12,25,23,0,2.088
2014,12,26,1,0,1.98
2014,12,26,3,0,1.98
2014,12,26,5,0,1.98
2014,12,26,7,0,1.872
2014,12,26,9,0,1.872
2014,12,26,11,0,1.764
2014,12,26,13,0,1.872
2014,12,26,15,0,1.98
2014,12,26,17,0,1.98
2014,12,26,19,0,1.98
2014,12,26,21,0,1.98
2014,12,26,23,0,1.98
2014,12,27,1,0,1.98
2014,12,27,3,0,1.98
2014,12,27,5,0,1.98
2014,12,27,7,0,1.98
2014,12,27,9,0,1.98
2014,12,27,11,0,1.872
2014,12,27,13,0,1.764
2014,12,27,15,0,1.656
2014,12,27,17,0,1.439
2014,12,27,19,0,1.439
2014,12,27,21,0,1.439
2014,12,27,23,0,1.439
2014,12,28,1,0,1.439
2014,12,28,3,0,1.439
2014,12,28,5,0,1.439
2014,12,28,7,0,1.439
2014,12,28,9,0,1.33
2014,12,28,11,0,1.439
2014,12,28,13,0,1.33
2014,12,28,15,0,1.33
2014,12,28,17,0,1.33
2014,12,28,19,0,1.33
2014,12,28,21,0,1.439
2014,12,28,23,0,1.33
2014,12,29,1,0,1.33
2014,12,29,3,0,1.33
2014,12,29,5,0,1.33
2014,12,29,7,0,1.439
2014,12,29,9,0,1.33
2014,12,29,11,0,1.33
2014,12,29,13,0,1.33
2014,12,29,15,0,1.33
2014,12,29,17,0,1.439
2014,12,29,19,0,1.33
2014,12,29,21,0,1.439
2014,12,29,23,0,1.439
2014,12,30,1,0,1.439
2014,12,30,3,0,1.439
2014,12,30,5,0,1.439
2014,12,30,7,0,1.439
2014,12,30,9,0,1.439
2014,12,30,11,0,1.439
2014,12,30,13,0,1.439
2014,12,30,15,0,1.439
2014,12,30,17,0,1.439
2014,12,30,19,0,1.439
2014,12,30,21,0,1.439
2014,12,30,23,0,1.439
2014,12,31,1,0,1.439
2014,12,31,3,0,1.439
2014,12,31,5,0,1.439
2014,12,31,7,0,1.439
2014,12,31,9,0,1.439
2014,12,31,11,0,1.439
2014,12,31,13,0,1.439
2014,12,31,15,0,1.439
2014,12,31,17,0,1.439
2014,12,31,19,0,1.439
2014,12,31,21,0,1.439
2014,12,31,23,0,1.439
2015,1,1,1,0,1.548
2015,1,1,3,0,1.548
2015,1,1,5,0,1.548
2015,1,1,7,0,1.548
2015,1,1,9,0,1.548
2015,1,1,11,0,1.548
2015,1,1,13,0,1.548
2015,1,1,15,0,1.548
2015,1,1,17,0,1.548
2015,1,1,19,0,1.548
2015,1,1,21,0,1.548
2015,1,1,23,0,1.548
2015,1,2,1,0,1.548
2015,1,2,3,0,1.548
2015,1,2,5,0,1.548
2015,1,2,7,0,1.548
2015,1,2,9,0,1.548
2015,1,2,11,0,1.548
2015,1,2,13,0,1.548
2015,1,2,15,0,1.548
2015,1,2,17,0,1.548
2015,1,2,19,0,1.548
2015,1,2,21,0,1.548
2015,1,2,23,0,1.548
2015,1,3,1,0,1.548
2015,1,3,3,0,1.548
2015,1,3,5,0,1.548
2015,1,3,7,0,1.548
2015,1,3,9,0,1.548
2015,1,3,11,0,1.548
2015,1,3,13,0,1.548
2015,1,3,15,0,1.548
2015,1,3,17,0,1.548
2015,1,3,19,0,1.548
2015,1,3,21,0,1.548
2015,1,3,23,0,1.548
2015,1,4,1,0,1.548
2015,1,4,3,0,1.548
2015,1,4,5,0,1.548
2015,1,4,7,0,1.548
2015,1,4,9,0,1.548
2015,1,4,11,0,1.548
2015,1,4,13,0,1.548
2015,1,4,15,0,1.439
2015,1,4,17,0,1.112
2015,1,4,19,0,0.893
2015,1,4,21,0,0.893
2015,1,4,23,0,0.893
2015,1,5,1,0,1.003
2015,1,5,3,0,1.221
2015,1,5,5,0,1.548
2015,1,5,7,0,1.548
2015,1,5,9,0,1.548
2015,1,5,11,0,1.764
2015,1,5,13,0,1.98
2015,1,5,15,0,1.764
2015,1,5,17,0,1.656
2015,1,5,19,0,1.764
2015,1,5,21,0,1.764
2015,1,5,23,0,1.764
2015,1,6,1,0,1.764
2015,1,6,3,0,1.656
2015,1,6,5,0,1.656
2015,1,6,7,0,1.656
2015,1,6,9,0,1.656
2015,1,6,11,0,1.656
2015,1,6,13,0,1.656
2015,1,6,15,0,1.656
2015,1,6,17,0,1.548
2015,1,6,19,0,1.548
2015,1,6,21,0,1.439
2015,1,6,23,0,1.439
2015,1,7,1,0,1.439
2015,1,7,3,0,1.439
2015,1,7,5,0,1.439
2015,1,7,7,0,1.439
2015,1,7,9,0,1.33
2015,1,7,11,0,1.33
2015,1,7,13,0,1.33
2015,1,7,15,0,1.33
2015,1,7,17,0,1.33
2015,1,7,19,0,1.33
2015,1,7,21,0,1.439
2015,1,7,23,0,1.439
2015,1,8,1,0,1.439
2015,1,8,3,0,1.439
2015,1,8,5,0,1.439
2015,1,8,7,0,1.439
2015,1,8,9,0,1.439
2015,1,8,11,0,1.439
2015,1,8,13,0,1.439
2015,1,8,15,0,1.548
2015,1,8,17,0,1.548
2015,1,8,19,0,1.548
2015,1,8,21,0,1.548
2015,1,8,23,0,1.548
2015,1,9,1,0,1.548
2015,1,9,3,0,1.656
2015,1,9,5,0,1.656
2015,1,9,7,0,1.656
2015,1,9,9,0,1.656
2015,1,9,11,0,1.656
2015,1,9,13,0,1.764
2015,1,9,15,0,1.872
2015,1,9,17,0,1.872
2015,1,9,19,0,1.872
2015,1,9,21,0,1.872
2015,1,9,23,0,1.872
2015,1,10,1,0,1.872
2015,1,10,3,0,1.872
2015,1,10,5,0,1.872
2015,1,10,7,0,1.872
2015,1,10,9,0,1.872
2015,1,10,11,0,1.656
2015,1,10,13,0,1.656
2015,1,10,15,0,1.548
2015,1,10,17,0,1.656
2015,1,10,19,0,1.656
2015,1,10,21,0,1.548
2015,1,10,23,0,1.548
2015,1,11,1,0,1.548
2015,1,11,3,0,1.548
2015,1,11,5,0,1.656
2015,1,11,7,0,1.656
2015,1,11,9,0,1.764
2015,1,11,11,0,1.872
2015,1,11,13,0,1.98
2015,1,11,15,0,2.088
2015,1,11,17,0,2.088
2015,1,11,19,0,1.98
2015,1,11,21,0,1.872
2015,1,11,23,0,1.872
2015,1,12,1,0,1.872
2015,1,12,3,0,1.872
2015,1,12,5,0,1.872
2015,1,12,7,0,1.872
2015,1,12,9,0,1.764
2015,1,12,11,0,1.656
2015,1,12,13,0,1.764
2015,1,12,15,0,1.872
2015,1,12,17,0,1.98
2015,1,12,19,0,1.872
2015,1,12,21,0,1.764
2015,1,12,23,0,1.764
2015,1,13,1,0,1.656
2015,1,13,3,0,1.656
2015,1,13,5,0,1.656
2015,1,13,7,0,1.656
2015,1,13,9,0,1.656
2015,1,13,11,0,1.656
2015,1,13,13,0,1.656
2015,1,13,15,0,1.764
2015,1,13,17,0,1.764
2015,1,13,19,0,1.764
2015,1,13,21,0,1.764
2015,1,13,23,0,1.764
2015,1,14,1,0,1.764
2015,1,14,3,0,1.764
2015,1,14,5,0,1.872
2015,1,14,7,0,1.872
2015,1,14,9,0,1.872
2015,1,14,11,0,1.98
2015,1,14,13,0,2.088
2015,1,14,15,0,2.088
2015,1,14,17,0,2.195
2015,1,14,19,0,2.195
2015,1,14,21,0,2.088
2015,1,14,23,0,2.088
2015,1,15,1,0,1.98
2015,1,15,3,0,1.872
2015,1,15,5,0,1.872
2015,1,15,7,0,1.872
2015,1,15,9,0,2.088
2015,1,15,11,0,2.195
2015,1,15,13,0,2.517
2015,1,15,15,0,2.73
2015,1,15,17,0,2.73
2015,1,15,19,0,2.73
2015,1,15,21,0,2.73
2015,1,15,23,0,2.837
2015,1,16,1,0,2.41
2015,1,16,3,0,2.624
2015,1,16,5,0,2.41
2015,1,16,7,0,2.41
2015,1,16,9,0,2.303
2015,1,16,11,0,2.303
2015,1,16,13,0,2.41
2015,1,16,15,0,2.303
2015,1,16,17,0,2.195
2015,1,16,19,0,2.088
2015,1,16,21,0,1.98
2015,1,16,23,0,1.764
2015,1,17,1,0,1.764
2015,1,17,3,0,1.656
2015,1,17,5,0,1.764
2015,1,17,7,0,1.764
2015,1,17,9,0,1.872
2015,1,17,11,0,2.195
2015,1,17,13,0,0.674
2015,1,17,15,0,1.548
2015,1,17,17,0,0.893
2015,1,17,19,0,0.674
2015,1,17,21,0,1.33
2015,1,17,23,0,1.872
2015,1,18,1,0,2.303
2015,1,18,3,0,2.943
2015,1,18,5,0,2.73
2015,1,18,7,0,2.73
2015,1,18,9,0,2.73
2015,1,18,11,0,2.73
2015,1,18,13,0,2.73
2015,1,18,15,0,2.41
2015,1,18,17,0,2.303
2015,1,18,19,0,1.872
2015,1,18,21,0,1.764
2015,1,18,23,0,1.548
2015,1,19,1,0,1.33
2015,1,19,3,0,1.221
2015,1,19,5,0,1.112
2015,1,19,7,0,1.112
2015,1,19,9,0,1.112
2015,1,19,11,0,1.112
2015,1,19,13,0,1.112
2015,1,19,15,0,1.221
2015,1,19,17,0,1.221
2015,1,19,19,0,1.221
2015,1,19,21,0,1.33
2015,1,19,23,0,1.33
2015,1,20,1,0,1.439
2015,1,20,3,0,1.439
2015,1,20,5,0,1.439
2015,1,20,7,0,1.33
2015,1,20,9,0,1.33
2015,1,20,11,0,1.221
2015,1,20,13,0,1.221
2015,1,20,15,0,1.221
2015,1,20,17,0,1.221
2015,1,20,19,0,1.221
2015,1,20,21,0,1.221
2015,1,20,23,0,1.221
2015,1,21,1,0,1.221
2015,1,21,3,0,1.221
2015,1,21,5,0,1.112
2015,1,21,7,0,1.112
2015,1,21,9,0,1.112
2015,1,21,11,0,1.221
2015,1,21,13,0,1.33
2015,1,21,15,0,1.33
2015,1,21,17,0,1.33
2015,1,21,19,0,1.33
2015,1,21,21,0,1.33
2015,1,21,23,0,1.33
2015,1,22,1,0,1.33
2015,1,22,3,0,1.439
2015,1,22,5,0,1.439
2015,1,22,7,0,1.33
2015,1,22,9,0,1.221
2015,1,22,11,0,1.33
2015,1,22,13,0,1.548
2015,1,22,15,0,1.872
2015,1,22,17,0,2.088
2015,1,22,19,0,2.195
2015,1,22,21,0,2.195
2015,1,22,23,0,2.195
2015,1,23,1,0,2.303
2015,1,23,3,0,2.41
2015,1,23,5,0,2.517
2015,1,23,7,0,2.624
2015,1,23,9,0,2.624
2015,1,23,11,0,2.837
2015,1,23,13,0,3.367
2015,1,23,15,0,4.415
2015,1,23,17,0,4.519
2015,1,23,19,0,4.831
2015,1,23,21,0,4.727
2015,1,23,23,0,4.727
2015,1,24,1,0,5.037
2015,1,24,3,0,5.45
2015,1,24,5,0,5.141
2015,1,24,7,0,4.934
2015,1,24,9,0,4.727
2015,1,24,11,0,4.727
2015,1,24,13,0,4.831
2015,1,24,15,0,5.037
2015,1,24,17,0,5.244
2015,1,24,19,0,5.244
2015,1,24,21,0,5.037
2015,1,24,23,0,4.831
2015,1,25,1,0,4.519
2015,1,25,3,0,4.311
2015,1,25,5,0,4.102
2015,1,25,7,0,3.893
2015,1,25,9,0,3.788
2015,1,25,11,0,3.788
2015,1,25,13,0,3.788
2015,1,25,15,0,3.998
2015,1,25,17,0,4.102
2015,1,25,19,0,4.102
2015,1,25,21,0,4.102
2015,1,25,23,0,3.998
2015,1,26,1,0,3.998
2015,1,26,3,0,4.102
2015,1,26,5,0,4.207
2015,1,26,7,0,4.207
2015,1,26,9,0,4.207
2015,1,26,11,0,4.102
2015,1,26,13,0,4.311
2015,1,26,15,0,4.623
2015,1,26,17,0,5.037
2015,1,26,19,0,5.141
2015,1,26,21,0,5.141
2015,1,26,23,0,4.831
2015,1,27,1,0,4.727
2015,1,27,3,0,4.623
2015,1,27,5,0,4.415
2015,1,27,7,0,4.207
2015,1,27,9,0,3.998
2015,1,27,11,0,3.788
2015,1,27,13,0,3.998
2015,1,27,15,0,4.207
2015,1,27,17,0,4.415
2015,1,27,19,0,4.415
2015,1,27,21,0,4.415
2015,1,27,23,0,4.415
2015,1,28,1,0,4.311
2015,1,28,3,0,3.998
2015,1,28,5,0,3.788
2015,1,28,7,0,3.578
2015,1,28,9,0,3.261
2015,1,28,11,0,3.049
2015,1,28,13,0,2.943
2015,1,28,15,0,2.837
2015,1,28,17,0,2.943
2015,1,28,19,0,2.943
2015,1,28,21,0,2.943
2015,1,28,23,0,2.837
2015,1,29,1,0,2.837
2015,1,29,3,0,2.943
2015,1,29,5,0,3.049
2015,1,29,7,0,3.049
2015,1,29,9,0,3.049
2015,1,29,11,0,3.049
2015,1,29,13,0,3.261
2015,1,29,15,0,3.472
2015,1,29,17,0,3.578
2015,1,29,19,0,3.578
2015,1,29,21,0,3.472
2015,1,29,23,0,3.472
2015,1,30,1,0,3.367
2015,1,30,3,0,3.367
2015,1,30,5,0,3.261
2015,1,30,7,0,3.155
2015,1,30,9,0,3.155
2015,1,30,11,0,3.049
2015,1,30,13,0,3.155
2015,1,30,15,0,3.367
2015,1,30,17,0,3.367
2015,1,30,19,0,3.367
2015,1,30,21,0,3.261
2015,1,30,23,0,3.155
2015,1,31,1,0,3.049
2015,1,31,3,0,3.049
2015,1,31,5,0,3.049
2015,1,31,7,0,3.049
2015,1,31,9,0,3.049
2015,1,31,11,0,3.155
2015,1,31,13,0,3.261
2015,1,31,15,0,3.367
2015,1,31,17,0,3.683
2015,1,31,19,0,3.683
2015,1,31,21,0,3.683
2015,1,31,23,0,3.683
2015,2,1,1,0,3.683
2015,2,1,3,0,3.683
2015,2,1,5,0,3.578
2015,2,1,7,0,3.683
2015,2,1,9,0,3.788
2015,2,1,11,0,3.893
2015,2,1,13,0,3.998
2015,2,1,15,0,4.207
2015,2,1,17,0,4.311
2015,2,1,19,0,4.311
2015,2,1,21,0,4.102
2015,2,1,23,0,3.788
2015,2,2,1,0,3.367
2015,2,2,3,0,3.049
2015,2,2,5,0,2.73
2015,2,2,7,0,2.624
2015,2,2,9,0,2.624
2015,2,2,11,0,3.049
2015,2,2,13,0,3.472
2015,2,2,15,0,3.788
2015,2,2,17,0,3.788
2015,2,2,19,0,3.683
2015,2,2,21,0,3.578
2015,2,2,23,0,3.367
2015,2,3,1,0,3.261
2015,2,3,3,0,3.261
2015,2,3,5,0,3.155
2015,2,3,7,0,3.049
2015,2,3,9,0,3.049
2015,2,3,11,0,3.049
2015,2,3,13,0,3.261
2015,2,3,15,0,3.472
2015,2,3,17,0,3.578
2015,2,3,19,0,3.578
2015,2,3,21,0,3.367
2015,2,3,23,0,3.155
2015,2,4,1,0,3.049
2015,2,4,3,0,2.943
2015,2,4,5,0,2.943
2015,2,4,7,0,3.049
2015,2,4,9,0,3.049
2015,2,4,11,0,3.155
2015,2,4,13,0,3.472
2015,2,4,15,0,3.788
2015,2,4,17,0,3.998
2015,2,4,19,0,4.102
2015,2,4,21,0,3.998
2015,2,4,23,0,4.102
2015,2,5,1,0,4.102
2015,2,5,3,0,4.102
2015,2,5,5,0,4.311
2015,2,5,7,0,4.415
2015,2,5,9,0,4.623
2015,2,5,11,0,4.727
2015,2,5,13,0,4.934
2015,2,5,15,0,5.141
2015,2,5,17,0,5.244
2015,2,5,19,0,5.244
2015,2,5,21,0,5.45
2015,2,5,23,0,5.45
2015,2,6,1,0,5.45
2015,2,6,3,0,5.655
2015,2,6,5,0,5.655
2015,2,6,7,0,5.655
2015,2,6,9,0,5.552
2015,2,6,11,0,5.552
2015,2,6,13,0,5.552
2015,2,6,15,0,5.655
2015,2,6,17,0,5.552
2015,2,6,19,0,5.347
2015,2,6,21,0,5.244
2015,2,6,23,0,5.037
2015,2,7,1,0,4.934
2015,2,7,3,0,4.831
2015,2,7,5,0,4.831
2015,2,7,7,0,4.831
2015,2,7,9,0,4.727
2015,2,7,11,0,4.831
2015,2,7,13,0,4.623
2015,2,7,15,0,4.623
2015,2,7,17,0,4.623
2015,2,7,19,0,4.623
2015,2,7,21,0,4.519
2015,2,7,23,0,4.519
2015,2,8,1,0,4.519
2015,2,8,3,0,4.415
2015,2,8,5,0,4.311
2015,2,8,7,0,4.207
2015,2,8,9,0,3.998
2015,2,8,11,0,3.893
2015,2,8,13,0,3.998
2015,2,8,15,0,4.311
2015,2,8,17,0,4.519
2015,2,8,19,0,4.519
2015,2,8,21,0,4.519
2015,2,8,23,0,4.519
2015,2,9,1,0,4.623
2015,2,9,3,0,4.519
2015,2,9,5,0,4.415
2015,2,9,7,0,4.311
2015,2,9,9,0,4.311
2015,2,9,11,0,4.415
2015,2,9,13,0,4.623
2015,2,9,15,0,4.831
2015,2,9,17,0,4.934
2015,2,9,19,0,4.831
2015,2,9,21,0,4.831
2015,2,9,23,0,4.831
2015,2,10,1,0,4.727
2015,2,10,3,0,4.623
2015,2,10,5,0,4.623
2015,2,10,7,0,4.519
2015,2,10,9,0,4.415
2015,2,10,11,0,4.519
2015,2,10,13,0,4.623
2015,2,10,15,0,4.727
2015,2,10,17,0,4.727
2015,2,10,19,0,4.623
2015,2,10,21,0,4.415
2015,2,10,23,0,4.207
2015,2,11,1,0,4.102
2015,2,11,3,0,4.102
2015,2,11,5,0,4.102
2015,2,11,7,0,3.893
2015,2,11,9,0,3.788
2015,2,11,11,0,3.893
2015,2,11,13,0,4.207
2015,2,11,15,0,4.623
2015,2,11,17,0,4.934
2015,2,11,19,0,4.934
2015,2,11,21,0,4.623
2015,2,11,23,0,4.519
2015,2,12,1,0,4.415
2015,2,12,3,0,4.519
2015,2,12,5,0,4.415
2015,2,12,7,0,4.415
2015,2,12,9,0,4.415
2015,2,12,11,0,4.519
2015,2,12,13,0,4.727
2015,2,12,15,0,4.831
2015,2,12,17,0,5.037
2015,2,12,19,0,5.037
2015,2,12,21,0,5.037
2015,2,12,23,0,4.831
2015,2,13,1,0,4.831
2015,2,13,3,0,4.831
2015,2,13,5,0,4.831
2015,2,13,7,0,4.831
2015,2,13,9,0,4.831
2015,2,13,11,0,5.037
2015,2,13,13,0,5.347
2015,2,13,15,0,5.552
2015,2,13,17,0,5.757
2015,2,13,19,0,5.757
2015,2,13,21,0,5.655
2015,2,13,23,0,5.552
2015,2,14,1,0,5.244
2015,2,14,3,0,5.141
2015,2,14,5,0,4.934
2015,2,14,7,0,4.831
2015,2,14,9,0,4.831
2015,2,14,11,0,4.934
2015,2,14,13,0,4.934
2015,2,14,15,0,5.037
2015,2,14,17,0,5.037
2015,2,14,19,0,5.037
2015,2,14,21,0,4.727
2015,2,14,23,0,4.207
2015,2,15,1,0,3.788
2015,2,15,3,0,3.367
2015,2,15,5,0,3.049
2015,2,15,7,0,2.837
2015,2,15,9,0,2.73
2015,2,15,11,0,2.73
2015,2,15,13,0,2.837
2015,2,15,15,0,3.049
2015,2,15,17,0,3.155
2015,2,15,19,0,3.155
2015,2,15,21,0,3.155
2015,2,15,23,0,3.155
2015,2,16,1,0,3.049
2015,2,16,3,0,2.943
2015,2,16,5,0,2.943
2015,2,16,7,0,2.837
2015,2,16,9,0,2.73
2015,2,16,11,0,2.73
2015,2,16,13,0,2.837
2015,2,16,15,0,3.155
2015,2,16,17,0,3.367
2015,2,16,19,0,3.367
2015,2,16,21,0,3.261
2015,2,16,23,0,3.155
2015,2,17,1,0,3.049
2015,2,17,3,0,2.837
2015,2,17,5,0,2.73
2015,2,17,7,0,2.624
2015,2,17,9,0,2.624
2015,2,17,11,0,2.624
2015,2,17,13,0,2.73
2015,2,17,15,0,3.049
2015,2,17,17,0,3.261
2015,2,17,19,0,3.367
2015,2,17,21,0,3.261
2015,2,17,23,0,3.261
2015,2,18,1,0,3.261
2015,2,18,3,0,3.261
2015,2,18,5,0,3.261
2015,2,18,7,0,3.155
2015,2,18,9,0,3.155
2015,2,18,11,0,3.261
2015,2,18,13,0,3.578
2015,2,18,15,0,3.893
2015,2,18,17,0,4.102
2015,2,18,19,0,3.998
2015,2,18,21,0,3.998
2015,2,18,23,0,3.998
2015,2,19,1,0,3.893
2015,2,19,3,0,3.683
2015,2,19,5,0,3.683
2015,2,19,7,0,3.683
2015,2,19,9,0,3.683
2015,2,19,11,0,3.788
2015,2,19,13,0,3.998
2015,2,19,15,0,3.998
2015,2,19,17,0,3.893
2015,2,19,19,0,3.683
2015,2,19,21,0,3.472
2015,2,19,23,0,3.472
2015,2,20,1,0,3.472
2015,2,20,3,0,3.578
2015,2,20,5,0,3.578
2015,2,20,7,0,3.472
2015,2,20,9,0,3.472
2015,2,20,11,0,3.578
2015,2,20,13,0,3.788
2015,2,20,15,0,3.998
2015,2,20,17,0,4.102
2015,2,20,19,0,4.102
2015,2,20,21,0,3.998
2015,2,20,23,0,3.788
2015,2,21,1,0,3.683
2015,2,21,3,0,3.472
2015,2,21,5,0,3.367
2015,2,21,7,0,3.155
2015,2,21,9,0,2.943
2015,2,21,11,0,2.837
2015,2,21,13,0,2.943
2015,2,21,15,0,3.155
2015,2,21,17,0,3.155
2015,2,21,19,0,2.943
2015,2,21,21,0,2.73
2015,2,21,23,0,2.624
2015,2,22,1,0,2.517
2015,2,22,3,0,2.303
2015,2,22,5,0,2.088
2015,2,22,7,0,1.872
2015,2,22,9,0,1.764
2015,2,22,11,0,1.656
2015,2,22,13,0,1.764
2015,2,22,15,0,1.98
2015,2,22,17,0,2.088
2015,2,22,19,0,2.195
2015,2,22,21,0,1.98
2015,2,22,23,0,1.872
2015,2,23,1,0,1.764
2015,2,23,3,0,1.656
2015,2,23,5,0,1.548
2015,2,23,7,0,1.548
2015,2,23,9,0,1.439
2015,2,23,11,0,1.548
2015,2,23,13,0,1.764
2015,2,23,15,0,1.98
2015,2,23,17,0,2.088
2015,2,23,19,0,2.088
2015,2,23,21,0,2.088
2015,2,23,23,0,2.088
2015,2,24,1,0,2.088
2015,2,24,3,0,2.088
2015,2,24,5,0,2.088
2015,2,24,7,0,2.088
2015,2,24,9,0,2.088
2015,2,24,11,0,2.195
2015,2,24,13,0,2.303
2015,2,24,15,0,2.517
2015,2,24,17,0,2.837
2015,2,24,19,0,2.73
2015,2,24,21,0,2.624
2015,2,24,23,0,2.517
2015,2,25,1,0,2.41
2015,2,25,3,0,2.303
2015,2,25,5,0,2.195
2015,2,25,7,0,2.195
2015,2,25,9,0,2.195
2015,2,25,11,0,2.41
2015,2,25,13,0,2.73
2015,2,25,15,0,3.049
2015,2,25,17,0,3.155
2015,2,25,19,0,2.943
2015,2,25,21,0,2.73
2015,2,25,23,0,2.837
2015,2,26,1,0,2.837
2015,2,26,3,0,2.73
2015,2,26,5,0,2.73
2015,2,26,7,0,2.73
2015,2,26,9,0,2.73
2015,2,26,11,0,2.943
2015,2,26,13,0,3.367
2015,2,26,15,0,3.683
2015,2,26,17,0,3.788
2015,2,26,19,0,3.683
2015,2,26,21,0,3.578
2015,2,26,23,0,3.367
2015,2,27,1,0,3.367
2015,2,27,3,0,3.261
2015,2,27,5,0,3.261
2015,2,27,7,0,2.943
2015,2,27,9,0,2.624
2015,2,27,11,0,2.195
2015,2,27,13,0,2.73
2015,2,27,15,0,3.155
2015,2,27,17,0,3.261
2015,2,27,19,0,3.261
2015,2,27,21,0,3.049
2015,2,27,23,0,2.837
2015,2,28,1,0,2.73
2015,2,28,3,0,2.517
2015,2,28,5,0,2.41
2015,2,28,7,0,2.195
2015,2,28,9,0,1.98
2015,2,28,11,0,1.872
2015,2,28,13,0,1.98
2015,2,28,15,0,2.195
2015,2,28,17,0,2.195
2015,2,28,19,0,2.088
2015,2,28,21,0,1.98
2015,2,28,23,0,1.872
2015,3,1,1,0,1.764
2015,3,1,3,0,1.656
2015,3,1,5,0,1.656
2015,3,1,7,0,1.548
2015,3,1,9,0,1.548
2015,3,1,11,0,1.548
2015,3,1,13,0,1.764
2015,3,1,15,0,2.088
2015,3,1,17,0,2.303
2015,3,1,19,0,2.41
2015,3,1,21,0,2.303
2015,3,1,23,0,2.303
2015,3,2,1,0,2.195
2015,3,2,3,0,2.088
2015,3,2,5,0,1.98
2015,3,2,7,0,1.872
2015,3,2,9,0,1.872
2015,3,2,11,0,1.98
2015,3,2,13,0,2.195
2015,3,2,15,0,2.41
2015,3,2,17,0,2.517
2015,3,2,19,0,2.41
2015,3,2,21,0,2.303
2015,3,2,23,0,2.088
2015,3,3,1,0,1.764
2015,3,3,3,0,1.548
2015,3,3,5,0,1.439
2015,3,3,7,0,1.33
2015,3,3,9,0,1.221
2015,3,3,11,0,1.221
2015,3,3,13,0,1.221
2015,3,3,15,0,1.33
2015,3,3,17,0,1.439
2015,3,3,19,0,1.439
2015,3,3,21,0,1.221
2015,3,3,23,0,1.221
2015,3,4,1,0,1.112
2015,3,4,3,0,1.112
2015,3,4,5,0,1.112
2015,3,4,7,0,1.112
2015,3,4,9,0,1.003
2015,3,4,11,0,1.003
2015,3,4,13,0,1.112
2015,3,4,15,0,1.221
2015,3,4,17,0,1.33
2015,3,4,19,0,1.33
2015,3,4,21,0,1.33
2015,3,4,23,0,1.33
2015,3,5,1,0,1.33
2015,3,5,3,0,1.33
2015,3,5,5,0,1.33
2015,3,5,7,0,1.33
2015,3,5,9,0,1.33
2015,3,5,11,0,1.548
2015,3,5,13,0,1.764
2015,3,5,15,0,2.088
2015,3,5,17,0,2.303
2015,3,5,19,0,2.303
2015,3,5,21,0,2.195
2015,3,5,23,0,2.195
2015,3,6,1,0,2.088
2015,3,6,3,0,2.088
2015,3,6,5,0,2.088
2015,3,6,7,0,2.088
2015,3,6,9,0,2.088
2015,3,6,11,0,2.41
2015,3,6,13,0,2.624
2015,3,6,15,0,2.943
2015,3,6,17,0,3.049
2015,3,6,19,0,3.049
2015,3,6,21,0,2.943
2015,3,6,23,0,2.73
2015,3,7,1,0,2.624
2015,3,7,3,0,2.517
2015,3,7,5,0,2.41
2015,3,7,7,0,2.303
2015,3,7,9,0,2.303
2015,3,7,11,0,2.41
2015,3,7,13,0,2.73
2015,3,7,15,0,3.155
2015,3,7,17,0,3.367
2015,3,7,19,0,3.367
2015,3,7,21,0,3.261
2015,3,7,23,0,3.155
2015,3,8,1,0,3.049
2015,3,8,3,0,2.943
2015,3,8,5,0,2.943
2015,3,8,7,0,2.837
2015,3,8,9,0,2.73
2015,3,8,11,0,2.943
2015,3,8,13,0,3.261
2015,3,8,15,0,3.788
2015,3,8,17,0,3.998
2015,3,8,19,0,3.998
2015,3,8,21,0,3.788
2015,3,8,23,0,3.683
2015,3,9,1,0,3.578
2015,3,9,3,0,3.472
2015,3,9,5,0,3.367
2015,3,9,7,0,3.367
2015,3,9,9,0,3.261
2015,3,9,11,0,3.367
2015,3,9,13,0,3.788
2015,3,9,15,0,4.311
2015,3,9,17,0,4.519
2015,3,9,19,0,4.519
2015,3,9,21,0,4.311
2015,3,9,23,0,3.998
2015,3,10,1,0,3.683
2015,3,10,3,0,3.472
2015,3,10,5,0,3.367
2015,3,10,7,0,3.367
2015,3,10,9,0,3.367
2015,3,10,11,0,3.788
2015,3,10,13,0,4.311
2015,3,10,15,0,5.037
2015,3,10,17,0,5.45
2015,3,10,19,0,5.655
2015,3,10,21,0,5.655
2015,3,10,23,0,5.655
2015,3,11,1,0,5.45
2015,3,11,3,0,5.244
2015,3,11,5,0,5.037
2015,3,11,7,0,5.037
2015,3,11,9,0,5.037
2015,3,11,11,0,5.037
2015,3,11,13,0,5.347
2015,3,11,15,0,5.552
2015,3,11,17,0,5.552
2015,3,11,19,0,5.45
2015,3,11,21,0,5.45
2015,3,11,23,0,5.347
2015,3,12,1,0,5.347
2015,3,12,3,0,5.347
2015,3,12,5,0,5.244
2015,3,12,7,0,5.141
2015,3,12,9,0,5.037
2015,3,12,11,0,5.141
2015,3,12,13,0,5.244
2015,3,12,15,0,5.347
2015,3,12,17,0,5.45
2015,3,12,19,0,5.45
2015,3,12,21,0,5.244
2015,3,12,23,0,5.037
2015,3,13,1,0,4.831
2015,3,13,3,0,4.519
2015,3,13,5,0,4.519
2015,3,13,7,0,4.415
2015,3,13,9,0,4.311
2015,3,13,11,0,4.623
2015,3,13,13,0,5.037
2015,3,13,15,0,5.655
2015,3,13,17,0,5.962
2015,3,13,19,0,6.064
2015,3,13,21,0,5.962
2015,3,13,23,0,6.064
2015,3,14,1,0,5.962
2015,3,14,3,0,5.86
2015,3,14,5,0,5.86
2015,3,14,7,0,6.064
2015,3,14,9,0,6.166
2015,3,14,11,0,6.471
2015,3,14,13,0,6.573
2015,3,14,15,0,6.674
2015,3,14,17,0,6.37
2015,3,14,19,0,5.962
2015,3,14,21,0,5.552
2015,3,14,23,0,5.037
2015,3,15,1,0,4.727
2015,3,15,3,0,4.415
2015,3,15,5,0,4.311
2015,3,15,7,0,4.311
2015,3,15,9,0,4.415
2015,3,15,11,0,4.623
2015,3,15,13,0,4.623
2015,3,15,15,0,4.831
2015,3,15,17,0,4.934
2015,3,15,19,0,4.934
2015,3,15,21,0,4.623
2015,3,15,23,0,4.207
2015,3,16,1,0,3.578
2015,3,16,3,0,3.155
2015,3,16,5,0,2.943
2015,3,16,7,0,2.943
2015,3,16,9,0,2.837
2015,3,16,11,0,3.049
2015,3,16,13,0,3.261
2015,3,16,15,0,3.683
2015,3,16,17,0,3.893
2015,3,16,19,0,3.893
2015,3,16,21,0,3.683
2015,3,16,23,0,3.472
2015,3,17,1,0,3.261
2015,3,17,3,0,3.049
2015,3,17,5,0,2.943
2015,3,17,7,0,2.943
2015,3,17,9,0,2.943
2015,3,17,11,0,3.367
2015,3,17,13,0,3.788
2015,3,17,15,0,4.311
2015,3,17,17,0,4.415
2015,3,17,19,0,4.102
2015,3,17,21,0,3.893
2015,3,17,23,0,3.683
2015,3,18,1,0,3.578
2015,3,18,3,0,3.472
2015,3,18,5,0,3.367
2015,3,18,7,0,3.155
2015,3,18,9,0,3.155
2015,3,18,11,0,3.578
2015,3,18,13,0,4.102
2015,3,18,15,0,4.415
2015,3,18,17,0,4.623
2015,3,18,19,0,4.623
2015,3,18,21,0,4.519
2015,3,18,23,0,4.207
2015,3,19,1,0,3.893
2015,3,19,3,0,3.578
2015,3,19,5,0,3.472
2015,3,19,7,0,3.367
2015,3,19,9,0,3.472
2015,3,19,11,0,3.788
2015,3,19,13,0,4.207
2015,3,19,15,0,4.727
2015,3,19,17,0,4.934
2015,3,19,19,0,5.037
2015,3,19,21,0,4.934
2015,3,19,23,0,4.727
2015,3,20,1,0,4.727
2015,3,20,3,0,4.727
2015,3,20,5,0,4.623
2015,3,20,7,0,4.519
2015,3,20,9,0,4.519
2015,3,20,11,0,4.727
2015,3,20,13,0,5.141
2015,3,20,15,0,5.45
2015,3,20,17,0,5.655
2015,3,20,19,0,5.552
2015,3,20,21,0,5.552
2015,3,20,23,0,5.552
2015,3,21,1,0,5.45
2015,3,21,3,0,5.244
2015,3,21,5,0,5.037
2015,3,21,7,0,4.727
2015,3,21,9,0,4.519
2015,3,21,11,0,4.415
2015,3,21,13,0,4.311
2015,3,21,15,0,4.207
2015,3,21,17,0,4.207
2015,3,21,19,0,4.102
2015,3,21,21,0,3.998
2015,3,21,23,0,3.893
2015,3,22,1,0,3.683
2015,3,22,3,0,3.367
2015,3,22,5,0,3.261
2015,3,22,7,0,3.155
2015,3,22,9,0,3.261
2015,3,22,11,0,3.578
2015,3,22,13,0,3.893
2015,3,22,15,0,4.102
2015,3,22,17,0,4.311
2015,3,22,19,0,4.311
2015,3,22,21,0,4.102
2015,3,22,23,0,3.893
2015,3,23,1,0,3.788
2015,3,23,3,0,3.472
2015,3,23,5,0,3.367
2015,3,23,7,0,3.155
2015,3,23,9,0,3.155
2015,3,23,11,0,3.367
2015,3,23,13,0,3.155
2015,3,23,15,0,3.367
2015,3,23,17,0,3.155
2015,3,23,19,0,3.049
2015,3,23,21,0,2.943
2015,3,23,23,0,2.943
2015,3,24,1,0,2.624
2015,3,24,3,0,2.41
2015,3,24,5,0,2.303
2015,3,24,7,0,2.303
2015,3,24,9,0,2.303
2015,3,24,11,0,2.303
2015,3,24,13,0,2.088
2015,3,24,15,0,1.98
2015,3,24,17,0,1.872
2015,3,24,19,0,1.872
2015,3,24,21,0,1.872
2015,3,24,23,0,1.764
2015,3,25,1,0,1.764
2015,3,25,3,0,1.764
2015,3,25,5,0,0.343
2015,3,25,7,0,0.343
2015,3,25,9,0,0.232
2015,3,25,11,0,0.453
2015,3,25,13,0,0.563
2015,3,25,15,0,0.674
2015,3,25,17,0,0.563
2015,3,25,19,0,0.674
2015,3,25,21,0,0.784
2015,3,25,23,0,1.221
2015,3,26,1,0,1.548
2015,3,26,3,0,1.764
2015,3,26,5,0,1.872
2015,3,26,7,0,1.872
2015,3,26,9,0,1.98
2015,3,26,11,0,1.98
2015,3,26,13,0,2.195
2015,3,26,15,0,2.73
2015,3,26,17,0,3.472
2015,3,26,19,0,3.893
2015,3,26,21,0,3.998
2015,3,26,23,0,3.998
2015,3,27,1,0,3.998
2015,3,27,3,0,3.893
2015,3,27,5,0,3.788
2015,3,27,7,0,3.788
2015,3,27,9,0,3.788
2015,3,27,11,0,4.207
2015,3,27,13,0,4.934
2015,3,27,15,0,5.45
2015,3,27,17,0,5.86
2015,3,27,19,0,5.962
2015,3,27,21,0,5.86
2015,3,27,23,0,4.934
2015,3,28,1,0,4.207
2015,3,28,3,0,3.998
2015,3,28,5,0,3.893
2015,3,28,7,0,3.155
2015,3,28,9,0,3.155
2015,3,28,11,0,3.472
2015,3,28,13,0,3.893
2015,3,28,15,0,4.102
2015,3,28,17,0,4.311
2015,3,28,19,0,4.311
2015,3,28,21,0,4.207
2015,3,28,23,0,3.998
2015,3,29,1,0,3.788
2015,3,29,3,0,3.788
2015,3,29,5,0,3.683
2015,3,29,7,0,3.683
2015,3,29,9,0,3.788
2015,3,29,11,0,4.207
2015,3,29,13,0,4.623
2015,3,29,15,0,5.141
2015,3,29,17,0,5.347
2015,3,29,19,0,5.347
2015,3,29,21,0,5.141
2015,3,29,23,0,5.037
2015,3,30,1,0,4.831
2015,3,30,3,0,4.727
2015,3,30,5,0,4.727
2015,3,30,7,0,4.623
2015,3,30,9,0,4.727
2015,3,30,11,0,4.934
2015,3,30,13,0,5.347
2015,3,30,15,0,5.757
2015,3,30,17,0,5.962
2015,3,30,19,0,5.86
2015,3,30,21,0,5.757
2015,3,30,23,0,5.552
2015,3,31,1,0,5.552
2015,3,31,3,0,5.347
2015,3,31,5,0,4.623
2015,3,31,7,0,4.207
2015,3,31,9,0,3.893
2015,3,31,11,0,3.367
2015,3,31,13,0,3.155
2015,3,31,15,0,3.049
2015,3,31,17,0,2.73
2015,3,31,19,0,2.41
2015,3,31,21,0,2.41
2015,3,31,23,0,2.303
2015,4,1,1,0,2.195
2015,4,1,3,0,2.195
2015,4,1,5,0,2.195
2015,4,1,7,0,2.088
2015,4,1,9,0,2.088
2015,4,1,11,0,2.088
2015,4,1,13,0,2.088
2015,4,1,15,0,1.872
2015,4,1,17,0,1.764
2015,4,1,19,0,1.656
2015,4,1,21,0,1.548
2015,4,1,23,0,1.548
2015,4,2,1,0,1.548
2015,4,2,3,0,1.548
2015,4,2,5,0,1.548
2015,4,2,7,0,1.656
2015,4,2,9,0,1.656
2015,4,2,11,0,1.656
2015,4,2,13,0,1.656
2015,4,2,15,0,1.656
2015,4,2,17,0,1.656
2015,4,2,19,0,1.656
2015,4,2,21,0,1.656
2015,4,2,23,0,1.656
2015,4,3,1,0,1.656
2015,4,3,3,0,1.656
2015,4,3,5,0,1.656
2015,4,3,7,0,1.656
2015,4,3,9,0,1.656
2015,4,3,11,0,1.764
2015,4,3,13,0,1.764
2015,4,3,15,0,1.764
2015,4,3,17,0,1.764
2015,4,3,19,0,1.764
2015,4,3,21,0,1.764
2015,4,3,23,0,1.764
2015,4,4,1,0,1.656
2015,4,4,3,0,1.764
2015,4,4,5,0,1.764
2015,4,4,7,0,1.764
2015,4,4,9,0,1.656
2015,4,4,11,0,1.656
2015,4,4,13,0,1.764
2015,4,4,15,0,1.764
2015,4,4,17,0,1.764
2015,4,4,19,0,1.764
2015,4,4,21,0,1.764
2015,4,4,23,0,1.764
2015,4,5,1,0,1.764
2015,4,5,3,0,1.764
2015,4,5,5,0,1.656
2015,4,5,7,0,1.656
2015,4,5,9,0,1.656
2015,4,5,11,0,1.656
2015,4,5,13,0,1.764
2015,4,5,15,0,1.764
2015,4,5,17,0,1.764
2015,4,5,19,0,1.764
2015,4,5,21,0,1.764
2015,4,5,23,0,1.764
2015,4,6,1,0,1.764
2015,4,6,3,0,1.764
2015,4,6,5,0,1.764
2015,4,6,7,0,1.764
2015,4,6,9,0,1.764
2015,4,6,11,0,1.764
2015,4,6,13,0,1.764
2015,4,6,15,0,1.764
2015,4,6,17,0,1.439
2015,4,6,19,0,1.439
2015,4,6,21,0,1.548
2015,4,6,23,0,1.548
2015,4,7,1,0,1.548
2015,4,7,3,0,1.656
2015,4,7,5,0,1.656
2015,4,7,7,0,1.656
2015,4,7,9,0,1.656
2015,4,7,11,0,1.764
2015,4,7,13,0,1.872
2015,4,7,15,0,1.872
2015,4,7,17,0,1.764
2015,4,7,19,0,1.764
2015,4,7,21,0,1.872
2015,4,7,23,0,1.872
2015,4,8,1,0,1.872
2015,4,8,3,0,1.872
2015,4,8,5,0,1.764
2015,4,8,7,0,1.439
2015,4,8,9,0,1.656
2015,4,8,11,0,1.872
2015,4,8,13,0,2.195
2015,4,8,15,0,2.517
2015,4,8,17,0,2.73
2015,4,8,19,0,2.624
2015,4,8,21,0,2.517
2015,4,8,23,0,2.303
2015,4,9,1,0,2.195
2015,4,9,3,0,2.195
2015,4,9,5,0,2.195
2015,4,9,7,0,2.195
2015,4,9,9,0,2.303
2015,4,9,11,0,2.41
2015,4,9,13,0,2.837
2015,4,9,15,0,3.367
2015,4,9,17,0,3.367
2015,4,9,19,0,3.261
2015,4,9,21,0,3.049
2015,4,9,23,0,2.837
2015,4,10,1,0,2.73
2015,4,10,3,0,2.624
2015,4,10,5,0,2.517
2015,4,10,7,0,2.41
2015,4,10,9,0,2.517
2015,4,10,11,0,2.943
2015,4,10,13,0,3.578
2015,4,10,15,0,4.102
2015,4,10,17,0,4.102
2015,4,10,19,0,3.998
2015,4,10,21,0,3.788
2015,4,10,23,0,3.683
2015,4,11,1,0,3.472
2015,4,11,3,0,2.73
2015,4,11,5,0,2.517
2015,4,11,7,0,2.303
2015,4,11,9,0,2.195
2015,4,11,11,0,2.195
2015,4,11,13,0,2.088
2015,4,11,15,0,1.98
2015,4,11,17,0,1.98
2015,4,11,19,0,1.872
2015,4,11,21,0,1.872
2015,4,11,23,0,1.764
2015,4,12,1,0,1.764
2015,4,12,3,0,1.764
2015,4,12,5,0,1.656
2015,4,12,7,0,1.656
2015,4,12,9,0,1.656
2015,4,12,11,0,1.656
2015,4,12,13,0,1.656
2015,4,12,15,0,1.656
2015,4,12,17,0,1.656
2015,4,12,19,0,1.548
2015,4,12,21,0,1.548
2015,4,12,23,0,1.548
2015,4,13,1,0,1.548
2015,4,13,3,0,1.548
2015,4,13,5,0,1.548
2015,4,13,7,0,1.548
2015,4,13,9,0,1.548
2015,4,13,11,0,1.548
2015,4,13,13,0,1.548
2015,4,13,15,0,1.548
2015,4,13,17,0,1.439
2015,4,13,19,0,1.439
2015,4,13,21,0,1.439
2015,4,13,23,0,1.439
2015,4,14,1,0,1.439
2015,4,14,3,0,1.439
2015,4,14,5,0,1.439
2015,4,14,7,0,1.439
2015,4,14,9,0,1.439
2015,4,14,11,0,1.439
2015,4,14,13,0,1.439
2015,4,14,15,0,1.439
2015,4,14,17,0,1.439
2015,4,14,19,0,1.439
2015,4,14,21,0,1.439
2015,4,14,23,0,1.439
2015,4,15,1,0,1.439
2015,4,15,3,0,1.439
2015,4,15,5,0,1.439
2015,4,15,7,0,1.439
2015,4,15,9,0,1.439
2015,4,15,11,0,1.439
2015,4,15,13,0,1.439
2015,4,15,15,0,1.439
2015,4,15,17,0,1.439
2015,4,15,19,0,1.439
2015,4,15,21,0,1.439
2015,4,15,23,0,1.33
2015,4,16,1,0,1.33
2015,4,16,3,0,1.33
2015,4,16,5,0,1.439
2015,4,16,7,0,1.439
2015,4,16,9,0,1.439
2015,4,16,11,0,1.439
2015,4,16,13,0,1.439
2015,4,16,15,0,1.439
2015,4,16,17,0,1.439
2015,4,16,19,0,1.439
2015,4,16,21,0,1.439
2015,4,16,23,0,1.439
2015,4,17,1,0,1.33
2015,4,17,3,0,1.439
2015,4,17,5,0,1.33
2015,4,17,7,0,1.439
2015,4,17,9,0,1.439
2015,4,17,11,0,1.439
2015,4,17,13,0,1.439
2015,4,17,15,0,1.33
2015,4,17,17,0,1.33
2015,4,17,19,0,1.33
2015,4,17,21,0,1.439
2015,4,17,23,0,1.439
2015,4,18,1,0,1.439
2015,4,18,3,0,1.439
2015,4,18,5,0,1.439
2015,4,18,7,0,1.439
2015,4,18,9,0,1.548
2015,4,18,11,0,1.548
2015,4,18,13,0,1.764
2015,4,18,15,0,1.872
2015,4,18,17,0,1.98
2015,4,18,19,0,2.088
2015,4,18,21,0,2.195
2015,4,18,23,0,2.195
2015,4,19,1,0,2.195
2015,4,19,3,0,2.195
2015,4,19,5,0,2.195
2015,4,19,7,0,2.195
2015,4,19,9,0,2.41
2015,4,19,11,0,2.837
2015,4,19,13,0,4.102
2015,4,19,15,0,4.623
2015,4,19,17,0,4.623
2015,4,19,19,0,4.415
2015,4,19,21,0,4.207
2015,4,19,23,0,3.998
2015,4,20,1,0,3.788
2015,4,20,3,0,3.683
2015,4,20,5,0,3.578
2015,4,20,7,0,3.472
2015,4,20,9,0,3.578
2015,4,20,11,0,4.102
2015,4,20,13,0,5.45
2015,4,20,15,0,6.064
2015,4,20,17,0,6.166
2015,4,20,19,0,5.86
2015,4,20,21,0,5.45
2015,4,20,23,0,5.141
2015,4,21,1,0,4.727
2015,4,21,3,0,4.519
2015,4,21,5,0,4.311
2015,4,21,7,0,4.207
2015,4,21,9,0,4.311
2015,4,21,11,0,4.831
2015,4,21,13,0,5.45
2015,4,21,15,0,5.552
2015,4,21,17,0,5.45
2015,4,21,19,0,5.347
2015,4,21,21,0,4.934
2015,4,21,23,0,4.311
2015,4,22,1,0,3.893
2015,4,22,3,0,3.472
2015,4,22,5,0,3.261
2015,4,22,7,0,2.943
2015,4,22,9,0,2.837
2015,4,22,11,0,3.261
2015,4,22,13,0,3.788
2015,4,22,15,0,4.207
2015,4,22,17,0,4.207
2015,4,22,19,0,4.102
2015,4,22,21,0,3.893
2015,4,22,23,0,3.683
2015,4,23,1,0,3.472
2015,4,23,3,0,3.261
2015,4,23,5,0,3.049
2015,4,23,7,0,2.837
2015,4,23,9,0,2.837
2015,4,23,11,0,3.261
2015,4,23,13,0,3.683
2015,4,23,15,0,3.893
2015,4,23,17,0,3.788
2015,4,23,19,0,3.788
2015,4,23,21,0,3.367
2015,4,23,23,0,2.73
2015,4,24,1,0,2.41
2015,4,24,3,0,2.195
2015,4,24,5,0,2.195
2015,4,24,7,0,2.195
2015,4,24,9,0,2.195
2015,4,24,11,0,2.195
2015,4,24,13,0,2.088
2015,4,24,15,0,1.872
2015,4,24,17,0,1.548
2015,4,24,19,0,1.548
2015,4,24,21,0,1.548
2015,4,24,23,0,1.548
2015,4,25,1,0,1.656
2015,4,25,3,0,1.656
2015,4,25,5,0,1.656
2015,4,25,7,0,1.764
2015,4,25,9,0,1.764
2015,4,25,11,0,1.872
2015,4,25,13,0,1.872
2015,4,25,15,0,1.656
2015,4,25,17,0,1.656
2015,4,25,19,0,1.656
2015,4,25,21,0,1.548
2015,4,25,23,0,1.548
2015,4,26,1,0,1.656
2015,4,26,3,0,1.656
2015,4,26,5,0,1.656
2015,4,26,7,0,1.656
2015,4,26,9,0,1.764
2015,4,26,11,0,1.764
2015,4,26,13,0,1.872
2015,4,26,15,0,1.98
2015,4,26,17,0,1.98
2015,4,26,19,0,1.872
2015,4,26,21,0,1.872
2015,4,26,23,0,1.872
2015,4,27,1,0,1.872
2015,4,27,3,0,1.98
2015,4,27,5,0,1.98
2015,4,27,7,0,2.195
2015,4,27,9,0,2.517
2015,4,27,11,0,3.261
2015,4,27,13,0,4.207
2015,4,27,15,0,4.727
2015,4,27,17,0,5.037
2015,4,27,19,0,4.934
2015,4,27,21,0,4.831
2015,4,27,23,0,4.623
2015,4,28,1,0,4.519
2015,4,28,3,0,4.519
2015,4,28,5,0,4.415
2015,4,28,7,0,4.311
2015,4,28,9,0,4.519
2015,4,28,11,0,4.623
2015,4,28,13,0,4.623
2015,4,28,15,0,4.831
2015,4,28,17,0,4.934
2015,4,28,19,0,4.831
2015,4,28,21,0,4.623
2015,4,28,23,0,4.415
2015,4,29,1,0,4.102
2015,4,29,3,0,3.788
2015,4,29,5,0,3.578
2015,4,29,7,0,3.367
2015,4,29,9,0,3.472
2015,4,29,11,0,3.893
2015,4,29,13,0,4.311
2015,4,29,15,0,4.519
2015,4,29,17,0,4.519
2015,4,29,19,0,4.415
2015,4,29,21,0,4.311
2015,4,29,23,0,4.207
2015,4,30,1,0,4.102
2015,4,30,3,0,3.893
2015,4,30,5,0,3.683
2015,4,30,7,0,3.578
2015,4,30,9,0,3.683
2015,4,30,11,0,4.207
2015,4,30,13,0,5.141
2015,4,30,15,0,5.45
2015,4,30,17,0,5.655
2015,4,30,19,0,5.552
2015,4,30,21,0,5.244
2015,4,30,23,0,5.037
2015,5,1,1,0,4.831
2015,5,1,3,0,4.727
2015,5,1,5,0,4.519
2015,5,1,7,0,4.415
2015,5,1,9,0,4.415
2015,5,1,11,0,5.141
2015,5,1,13,0,6.268
2015,5,1,15,0,6.573
2015,5,1,17,0,6.674
2015,5,1,19,0,6.471
2015,5,1,21,0,6.166
2015,5,1,23,0,5.86
2015,5,2,1,0,5.552
2015,5,2,3,0,5.347
2015,5,2,5,0,4.934
2015,5,2,7,0,4.519
2015,5,2,9,0,4.623
2015,5,2,11,0,5.141
2015,5,2,13,0,6.573
2015,5,2,15,0,6.573
2015,5,2,17,0,6.573
2015,5,2,19,0,6.268
2015,5,2,21,0,5.962
2015,5,2,23,0,5.552
2015,5,3,1,0,5.244
2015,5,3,3,0,4.831
2015,5,3,5,0,4.519
2015,5,3,7,0,4.311
2015,5,3,9,0,4.415
2015,5,3,11,0,5.037
2015,5,3,13,0,6.573
2015,5,3,15,0,6.775
2015,5,3,17,0,7.079
2015,5,3,19,0,6.775
2015,5,3,21,0,6.471
2015,5,3,23,0,6.064
2015,5,4,1,0,5.86
2015,5,4,3,0,5.552
2015,5,4,5,0,5.347
2015,5,4,7,0,5.244
2015,5,4,9,0,5.347
2015,5,4,11,0,5.962
2015,5,4,13,0,6.268
2015,5,4,15,0,6.166
2015,5,4,17,0,6.166
2015,5,4,19,0,6.064
2015,5,4,21,0,5.757
2015,5,4,23,0,5.347
2015,5,5,1,0,5.037
2015,5,5,3,0,4.831
2015,5,5,5,0,4.519
2015,5,5,7,0,4.207
2015,5,5,9,0,3.893
2015,5,5,11,0,4.102
2015,5,5,13,0,4.207
2015,5,5,15,0,3.998
2015,5,5,17,0,3.367
2015,5,5,19,0,3.049
2015,5,5,21,0,2.73
2015,5,5,23,0,2.624
2015,5,6,1,0,2.624
2015,5,6,3,0,2.517
2015,5,6,5,0,2.517
2015,5,6,7,0,2.517
2015,5,6,9,0,2.303
2015,5,6,11,0,2.624
2015,5,6,13,0,3.893
2015,5,6,15,0,4.102
2015,5,6,17,0,4.102
2015,5,6,19,0,4.102
2015,5,6,21,0,3.998
2015,5,6,23,0,3.788
2015,5,7,1,0,3.683
2015,5,7,3,0,3.472
2015,5,7,5,0,3.367
2015,5,7,7,0,3.367
2015,5,7,9,0,3.472
2015,5,7,11,0,3.998
2015,5,7,13,0,5.141
2015,5,7,15,0,5.552
2015,5,7,17,0,5.757
2015,5,7,19,0,5.552
2015,5,7,21,0,5.141
2015,5,7,23,0,4.831
2015,5,8,1,0,4.415
2015,5,8,3,0,4.102
2015,5,8,5,0,3.998
2015,5,8,7,0,3.893
2015,5,8,9,0,4.102
2015,5,8,11,0,4.727
2015,5,8,13,0,6.268
2015,5,8,15,0,6.573
2015,5,8,17,0,7.079
2015,5,8,19,0,6.775
2015,5,8,21,0,6.37
2015,5,8,23,0,5.962
2015,5,9,1,0,5.757
2015,5,9,3,0,5.552
2015,5,9,5,0,5.347
2015,5,9,7,0,5.244
2015,5,9,9,0,5.45
2015,5,9,11,0,6.064
2015,5,9,13,0,7.582
2015,5,9,15,0,7.782
2015,5,9,17,0,8.182
2015,5,9,19,0,7.882
2015,5,9,21,0,7.481
2015,5,9,23,0,7.079
2015,5,10,1,0,6.775
2015,5,10,3,0,6.573
2015,5,10,5,0,6.471
2015,5,10,7,0,6.37
2015,5,10,9,0,6.573
2015,5,10,11,0,7.079
2015,5,10,13,0,7.782
2015,5,10,15,0,8.082
2015,5,10,17,0,8.182
2015,5,10,19,0,7.983
2015,5,10,21,0,7.682
2015,5,10,23,0,7.28
2015,5,11,1,0,7.079
2015,5,11,3,0,6.775
2015,5,11,5,0,6.573
2015,5,11,7,0,6.268
2015,5,11,9,0,6.064
2015,5,11,11,0,5.962
2015,5,11,13,0,6.064
2015,5,11,15,0,6.064
2015,5,11,17,0,5.962
2015,5,11,19,0,5.86
2015,5,11,21,0,5.86
2015,5,11,23,0,5.757
2015,5,12,1,0,5.757
2015,5,12,3,0,5.655
2015,5,12,5,0,5.655
2015,5,12,7,0,5.552
2015,5,12,9,0,5.552
2015,5,12,11,0,5.757
2015,5,12,13,0,5.86
2015,5,12,15,0,5.86
2015,5,12,17,0,5.962
2015,5,12,19,0,5.962
2015,5,12,21,0,5.86
2015,5,12,23,0,5.757
2015,5,13,1,0,5.655
2015,5,13,3,0,5.552
2015,5,13,5,0,5.552
2015,5,13,7,0,5.45
2015,5,13,9,0,5.45
2015,5,13,11,0,5.552
2015,5,13,13,0,5.655
2015,5,13,15,0,5.757
2015,5,13,17,0,5.757
2015,5,13,19,0,5.655
2015,5,13,21,0,5.552
2015,5,13,23,0,5.347
2015,5,14,1,0,5.141
2015,5,14,3,0,5.141
2015,5,14,5,0,5.037
2015,5,14,7,0,5.037
2015,5,14,9,0,5.244
2015,5,14,11,0,5.655
2015,5,14,13,0,6.064
2015,5,14,15,0,6.268
2015,5,14,17,0,6.37
2015,5,14,19,0,6.37
2015,5,14,21,0,6.268
2015,5,14,23,0,6.166
2015,5,15,1,0,6.064
2015,5,15,3,0,5.962
2015,5,15,5,0,5.86
2015,5,15,7,0,5.757
2015,5,15,9,0,5.86
2015,5,15,11,0,6.37
2015,5,15,13,0,7.079
2015,5,15,15,0,7.079
2015,5,15,17,0,7.079
2015,5,15,19,0,6.877
2015,5,15,21,0,6.775
2015,5,15,23,0,6.674
2015,5,16,1,0,6.471
2015,5,16,3,0,6.37
2015,5,16,5,0,6.166
2015,5,16,7,0,5.962
2015,5,16,9,0,5.962
2015,5,16,11,0,5.86
2015,5,16,13,0,6.064
2015,5,16,15,0,6.166
2015,5,16,17,0,6.166
2015,5,16,19,0,6.166
2015,5,16,21,0,6.064
2015,5,16,23,0,6.064
2015,5,17,1,0,5.962
2015,5,17,3,0,5.86
2015,5,17,5,0,5.655
2015,5,17,7,0,5.552
2015,5,17,9,0,5.757
2015,5,17,11,0,6.166
2015,5,17,13,0,6.573
2015,5,17,15,0,6.674
2015,5,17,17,0,6.775
2015,5,17,19,0,6.877
2015,5,17,21,0,6.775
2015,5,17,23,0,6.674
2015,5,18,1,0,6.573
2015,5,18,3,0,6.37
2015,5,18,5,0,6.268
2015,5,18,7,0,6.268
2015,5,18,9,0,6.37
2015,5,18,11,0,6.775
2015,5,18,13,0,7.782
2015,5,18,15,0,7.782
2015,5,18,17,0,7.782
2015,5,18,19,0,7.782
2015,5,18,21,0,7.682
2015,5,18,23,0,7.381
2015,5,19,1,0,7.28
2015,5,19,3,0,7.079
2015,5,19,5,0,7.079
2015,5,19,7,0,6.978
2015,5,19,9,0,7.079
2015,5,19,11,0,7.381
2015,5,19,13,0,7.682
2015,5,19,15,0,7.882
2015,5,19,17,0,7.882
2015,5,19,19,0,7.882
2015,5,19,21,0,7.782
2015,5,19,23,0,7.682
2015,5,20,1,0,7.481
2015,5,20,3,0,7.381
2015,5,20,5,0,7.179
2015,5,20,7,0,7.079
2015,5,20,9,0,7.179
2015,5,20,11,0,7.582
2015,5,20,13,0,8.68
2015,5,20,15,0,8.779
2015,5,20,17,0,8.879
2015,5,20,19,0,8.68
2015,5,20,21,0,8.581
2015,5,20,23,0,8.282
2015,5,21,1,0,8.082
2015,5,21,3,0,7.983
2015,5,21,5,0,7.782
2015,5,21,7,0,7.682
2015,5,21,9,0,7.782
2015,5,21,11,0,8.182
2015,5,21,13,0,8.879
2015,5,21,15,0,9.176
2015,5,21,17,0,9.077
2015,5,21,19,0,9.077
2015,5,21,21,0,8.879
2015,5,21,23,0,8.68
2015,5,22,1,0,8.382
2015,5,22,3,0,8.282
2015,5,22,5,0,8.082
2015,5,22,7,0,7.983
2015,5,22,9,0,8.082
2015,5,22,11,0,8.182
2015,5,22,13,0,8.182
2015,5,22,15,0,8.182
2015,5,22,17,0,8.082
2015,5,22,19,0,7.983
2015,5,22,21,0,7.882
2015,5,22,23,0,7.782
2015,5,23,1,0,7.582
2015,5,23,3,0,7.481
2015,5,23,5,0,7.28
2015,5,23,7,0,7.079
2015,5,23,9,0,7.079
2015,5,23,11,0,7.381
2015,5,23,13,0,7.582
2015,5,23,15,0,7.682
2015,5,23,17,0,7.682
2015,5,23,19,0,7.682
2015,5,23,21,0,7.582
2015,5,23,23,0,7.481
2015,5,24,1,0,7.481
2015,5,24,3,0,7.381
2015,5,24,5,0,7.28
2015,5,24,7,0,7.179
2015,5,24,9,0,7.28
2015,5,24,11,0,7.481
2015,5,24,13,0,7.782
2015,5,24,15,0,7.882
2015,5,24,17,0,7.882
2015,5,24,19,0,7.782
2015,5,24,21,0,7.682
2015,5,24,23,0,7.582
2015,5,25,1,0,7.481
2015,5,25,3,0,7.28
2015,5,25,5,0,6.978
2015,5,25,7,0,6.775
2015,5,25,9,0,6.978
2015,5,25,11,0,7.381
2015,5,25,13,0,7.782
2015,5,25,15,0,7.882
2015,5,25,17,0,7.782
2015,5,25,19,0,7.582
2015,5,25,21,0,7.481
2015,5,25,23,0,7.381
2015,5,26,1,0,7.28
2015,5,26,3,0,7.179
2015,5,26,5,0,7.079
2015,5,26,7,0,6.978
2015,5,26,9,0,7.079
2015,5,26,11,0,7.28
2015,5,26,13,0,7.381
2015,5,26,15,0,7.481
2015,5,26,17,0,7.782
2015,5,26,19,0,7.782
2015,5,26,21,0,7.682
2015,5,26,23,0,7.481
2015,5,27,1,0,7.381
2015,5,27,3,0,7.28
2015,5,27,5,0,7.079
2015,5,27,7,0,6.978
2015,5,27,9,0,7.079
2015,5,27,11,0,7.582
2015,5,27,13,0,8.382
2015,5,27,15,0,8.779
2015,5,27,17,0,8.779
2015,5,27,19,0,8.779
2015,5,27,21,0,8.68
2015,5,27,23,0,8.382
2015,5,28,1,0,8.182
2015,5,28,3,0,7.983
2015,5,28,5,0,7.782
2015,5,28,7,0,7.682
2015,5,28,9,0,7.782
2015,5,28,11,0,8.182
2015,5,28,13,0,8.978
2015,5,28,15,0,9.373
2015,5,28,17,0,9.669
2015,5,28,19,0,9.571
2015,5,28,21,0,9.472
2015,5,28,23,0,9.275
2015,5,29,1,0,9.077
2015,5,29,3,0,8.879
2015,5,29,5,0,8.779
2015,5,29,7,0,8.581
2015,5,29,9,0,8.779
2015,5,29,11,0,9.176
2015,5,29,13,0,9.866
2015,5,29,15,0,9.965
2015,5,29,17,0,10.063
2015,5,29,19,0,10.063
2015,5,29,21,0,9.866
2015,5,29,23,0,9.768
2015,5,30,1,0,9.472
2015,5,30,3,0,9.275
2015,5,30,5,0,9.077
2015,5,30,7,0,8.779
2015,5,30,9,0,8.879
2015,5,30,11,0,9.176
2015,5,30,13,0,9.768
2015,5,30,15,0,9.965
2015,5,30,17,0,10.161
2015,5,30,19,0,9.965
2015,5,30,21,0,9.669
2015,5,30,23,0,9.373
2015,5,31,1,0,9.077
2015,5,31,3,0,8.879
2015,5,31,5,0,8.68
2015,5,31,7,0,8.481
2015,5,31,9,0,8.581
2015,5,31,11,0,8.978
2015,5,31,13,0,9.472
2015,5,31,15,0,9.965
2015,5,31,17,0,10.161
2015,5,31,19,0,10.063
2015,5,31,21,0,9.866
2015,5,31,23,0,9.669
2015,6,1,1,0,9.472
2015,6,1,3,0,9.373
2015,6,1,5,0,9.176
2015,6,1,7,0,9.077
2015,6,1,9,0,8.978
2015,6,1,11,0,8.978
2015,6,1,13,0,8.978
2015,6,1,15,0,8.879
2015,6,1,17,0,8.779
2015,6,1,19,0,8.68
2015,6,1,21,0,8.581
2015,6,1,23,0,8.481
2015,6,2,1,0,8.282
2015,6,2,3,0,8.082
2015,6,2,5,0,7.983
2015,6,2,7,0,7.882
2015,6,2,9,0,7.882
2015,6,2,11,0,7.882
2015,6,2,13,0,7.983
2015,6,2,15,0,8.182
2015,6,2,17,0,8.182
2015,6,2,19,0,8.182
2015,6,2,21,0,7.983
2015,6,2,23,0,7.882
2015,6,3,1,0,7.682
2015,6,3,3,0,7.582
2015,6,3,5,0,7.481
2015,6,3,7,0,7.381
2015,6,3,9,0,7.381
2015,6,3,11,0,7.481
2015,6,3,13,0,7.582
2015,6,3,15,0,7.682
2015,6,3,17,0,7.782
2015,6,3,19,0,7.782
2015,6,3,21,0,7.682
2015,6,3,23,0,7.682
2015,6,4,1,0,7.582
2015,6,4,3,0,7.582
2015,6,4,5,0,7.582
2015,6,4,7,0,7.582
2015,6,4,9,0,7.682
2015,6,4,11,0,7.983
2015,6,4,13,0,8.082
2015,6,4,15,0,8.282
2015,6,4,17,0,8.382
2015,6,4,19,0,8.282
2015,6,4,21,0,8.282
2015,6,4,23,0,8.182
2015,6,5,1,0,7.983
2015,6,5,3,0,7.882
2015,6,5,5,0,7.782
2015,6,5,7,0,7.682
2015,6,5,9,0,7.782
2015,6,5,11,0,8.182
2015,6,5,13,0,8.879
2015,6,5,15,0,9.275
2015,6,5,17,0,9.472
2015,6,5,19,0,9.373
2015,6,5,21,0,9.176
2015,6,5,23,0,8.978
2015,6,6,1,0,8.68
2015,6,6,3,0,8.382
2015,6,6,5,0,8.182
2015,6,6,7,0,8.082
2015,6,6,9,0,8.282
2015,6,6,11,0,8.779
2015,6,6,13,0,9.472
2015,6,6,15,0,9.866
2015,6,6,17,0,10.161
2015,6,6,19,0,10.063
2015,6,6,21,0,9.866
2015,6,6,23,0,9.571
2015,6,7,1,0,9.373
2015,6,7,3,0,9.077
2015,6,7,5,0,8.978
2015,6,7,7,0,8.879
2015,6,7,9,0,8.978
2015,6,7,11,0,9.472
2015,6,7,13,0,10.161
2015,6,7,15,0,10.553
2015,6,7,17,0,10.846
2015,6,7,19,0,10.748
2015,6,7,21,0,10.553
2015,6,7,23,0,10.259
2015,6,8,1,0,10.063
2015,6,8,3,0,9.768
2015,6,8,5,0,9.571
2015,6,8,7,0,9.472
2015,6,8,9,0,9.571
2015,6,8,11,0,10.063
2015,6,8,13,0,10.748
2015,6,8,15,0,11.139
2015,6,8,17,0,11.334
2015,6,8,19,0,11.236
2015,6,8,21,0,10.944
2015,6,8,23,0,10.553
2015,6,9,1,0,10.259
2015,6,9,3,0,10.063
2015,6,9,5,0,9.768
2015,6,9,7,0,9.669
2015,6,9,9,0,9.768
2015,6,9,11,0,10.161
2015,6,9,13,0,10.651
2015,6,9,15,0,11.139
2015,6,9,17,0,11.236
2015,6,9,19,0,11.139
2015,6,9,21,0,10.846
2015,6,9,23,0,10.553
2015,6,10,1,0,10.259
2015,6,10,3,0,9.965
2015,6,10,5,0,9.768
2015,6,10,7,0,9.472
2015,6,10,9,0,9.571
2015,6,10,11,0,9.768
2015,6,10,13,0,10.259
2015,6,10,15,0,10.651
2015,6,10,17,0,10.748
2015,6,10,19,0,10.651
2015,6,10,21,0,10.357
2015,6,10,23,0,10.063
2015,6,11,1,0,9.768
2015,6,11,3,0,9.571
2015,6,11,5,0,9.373
2015,6,11,7,0,9.176
2015,6,11,9,0,9.275
2015,6,11,11,0,9.571
2015,6,11,13,0,10.063
2015,6,11,15,0,10.455
2015,6,11,17,0,10.651
2015,6,11,19,0,10.553
2015,6,11,21,0,10.357
2015,6,11,23,0,10.161
2015,6,12,1,0,9.768
2015,6,12,3,0,9.373
2015,6,12,5,0,9.077
2015,6,12,7,0,8.779
2015,6,12,9,0,8.581
2015,6,12,11,0,8.581
2015,6,12,13,0,8.879
2015,6,12,15,0,9.176
2015,6,12,17,0,9.275
2015,6,12,19,0,9.176
2015,6,12,21,0,8.978
2015,6,12,23,0,8.68
2015,6,13,1,0,8.282
2015,6,13,3,0,7.882
2015,6,13,5,0,7.682
2015,6,13,7,0,7.582
2015,6,13,9,0,7.682
2015,6,13,11,0,8.082
2015,6,13,13,0,8.581
2015,6,13,15,0,8.879
2015,6,13,17,0,9.077
2015,6,13,19,0,8.978
2015,6,13,21,0,8.779
2015,6,13,23,0,8.481
2015,6,14,1,0,8.282
2015,6,14,3,0,8.082
2015,6,14,5,0,7.882
2015,6,14,7,0,7.782
2015,6,14,9,0,7.983
2015,6,14,11,0,8.382
2015,6,14,13,0,8.978
2015,6,14,15,0,9.472
2015,6,14,17,0,9.669
2015,6,14,19,0,9.669
2015,6,14,21,0,9.472
2015,6,14,23,0,9.275
2015,6,15,1,0,9.077
2015,6,15,3,0,8.879
2015,6,15,5,0,8.779
2015,6,15,7,0,8.68
2015,6,15,9,0,8.779
2015,6,15,11,0,9.176
2015,6,15,13,0,9.866
2015,6,15,15,0,10.259
2015,6,15,17,0,10.455
2015,6,15,19,0,10.259
2015,6,15,21,0,10.063
2015,6,15,23,0,9.768
2015,6,16,1,0,9.472
2015,6,16,3,0,9.275
2015,6,16,5,0,9.077
2015,6,16,7,0,8.879
2015,6,16,9,0,8.978
2015,6,16,11,0,9.275
2015,6,16,13,0,9.669
2015,6,16,15,0,10.063
2015,6,16,17,0,10.161
2015,6,16,19,0,10.063
2015,6,16,21,0,9.965
2015,6,16,23,0,9.669
2015,6,17,1,0,9.373
2015,6,17,3,0,8.978
2015,6,17,5,0,8.779
2015,6,17,7,0,8.581
2015,6,17,9,0,8.68
2015,6,17,11,0,8.978
2015,6,17,13,0,9.373
2015,6,17,15,0,9.866
2015,6,17,17,0,10.063
2015,6,17,19,0,9.965
2015,6,17,21,0,9.768
2015,6,17,23,0,9.571
2015,6,18,1,0,9.472
2015,6,18,3,0,9.373
2015,6,18,5,0,9.275
2015,6,18,7,0,9.176
2015,6,18,9,0,9.373
2015,6,18,11,0,9.669
2015,6,18,13,0,10.161
2015,6,18,15,0,10.357
2015,6,18,17,0,10.357
2015,6,18,19,0,10.259
2015,6,18,21,0,10.063
2015,6,18,23,0,9.866
2015,6,19,1,0,9.571
2015,6,19,3,0,9.373
2015,6,19,5,0,9.077
2015,6,19,7,0,8.879
2015,6,19,9,0,8.779
2015,6,19,11,0,8.978
2015,6,19,13,0,9.176
2015,6,19,15,0,9.176
2015,6,19,17,0,9.373
2015,6,19,19,0,9.373
2015,6,19,21,0,9.275
2015,6,19,23,0,9.176
2015,6,20,1,0,8.879
2015,6,20,3,0,8.581
2015,6,20,5,0,8.382
2015,6,20,7,0,8.182
2015,6,20,9,0,8.282
2015,6,20,11,0,8.581
2015,6,20,13,0,9.077
2015,6,20,15,0,9.571
2015,6,20,17,0,9.768
2015,6,20,19,0,9.669
2015,6,20,21,0,9.472
2015,6,20,23,0,9.176
2015,6,21,1,0,8.978
2015,6,21,3,0,8.779
2015,6,21,5,0,8.581
2015,6,21,7,0,8.581
2015,6,21,9,0,8.68
2015,6,21,11,0,8.978
2015,6,21,13,0,9.373
2015,6,21,15,0,9.866
2015,6,21,17,0,10.063
2015,6,21,19,0,9.965
2015,6,21,21,0,9.768
2015,6,21,23,0,9.571
2015,6,22,1,0,9.373
2015,6,22,3,0,9.077
2015,6,22,5,0,8.879
2015,6,22,7,0,8.779
2015,6,22,9,0,8.879
2015,6,22,11,0,9.176
2015,6,22,13,0,9.472
2015,6,22,15,0,9.768
2015,6,22,17,0,9.866
2015,6,22,19,0,9.866
2015,6,22,21,0,9.768
2015,6,22,23,0,9.472
2015,6,23,1,0,9.275
2015,6,23,3,0,8.978
2015,6,23,5,0,8.68
2015,6,23,7,0,8.481
2015,6,23,9,0,8.581
2015,6,23,11,0,8.879
2015,6,23,13,0,9.373
2015,6,23,15,0,9.866
2015,6,23,17,0,10.063
2015,6,23,19,0,9.965
2015,6,23,21,0,9.768
2015,6,23,23,0,9.571
2015,6,24,1,0,9.472
2015,6,24,3,0,9.373
2015,6,24,5,0,9.176
2015,6,24,7,0,9.077
2015,6,24,9,0,9.176
2015,6,24,11,0,9.571
2015,6,24,13,0,9.866
2015,6,24,15,0,10.063
2015,6,24,17,0,10.259
2015,6,24,19,0,10.259
2015,6,24,21,0,10.161
2015,6,24,23,0,9.965
2015,6,25,1,0,9.768
2015,6,25,3,0,9.571
2015,6,25,5,0,9.472
2015,6,25,7,0,9.373
2015,6,25,9,0,9.472
2015,6,25,11,0,9.866
2015,6,25,13,0,10.357
2015,6,25,15,0,10.944
2015,6,25,17,0,11.139
2015,6,25,19,0,11.139
2015,6,25,21,0,10.944
2015,6,25,23,0,10.748
2015,6,26,1,0,10.553
2015,6,26,3,0,10.357
2015,6,26,5,0,10.161
2015,6,26,7,0,9.965
2015,6,26,9,0,10.063
2015,6,26,11,0,10.455
2015,6,26,13,0,11.041
2015,6,26,15,0,11.528
2015,6,26,17,0,11.819
2015,6,26,19,0,11.819
2015,6,26,21,0,11.625
2015,6,26,23,0,11.431
2015,6,27,1,0,11.236
2015,6,27,3,0,11.139
2015,6,27,5,0,11.041
2015,6,27,7,0,11.041
2015,6,27,9,0,11.236
2015,6,27,11,0,11.625
2015,6,27,13,0,12.207
2015,6,27,15,0,12.497
2015,6,27,17,0,12.787
2015,6,27,19,0,12.787
2015,6,27,21,0,12.69
2015,6,27,23,0,12.401
2015,6,28,1,0,12.207
2015,6,28,3,0,12.013
2015,6,28,5,0,11.819
2015,6,28,7,0,11.722
2015,6,28,9,0,11.819
2015,6,28,11,0,12.207
2015,6,28,13,0,12.497
2015,6,28,15,0,12.787
2015,6,28,17,0,12.787
2015,6,28,19,0,12.69
2015,6,28,21,0,12.594
2015,6,28,23,0,12.304
2015,6,29,1,0,12.11
2015,6,29,3,0,12.013
2015,6,29,5,0,11.819
2015,6,29,7,0,11.722
2015,6,29,9,0,11.722
2015,6,29,11,0,12.013
2015,6,29,13,0,12.401
2015,6,29,15,0,12.883
2015,6,29,17,0,13.076
2015,6,29,19,0,12.883
2015,6,29,21,0,12.69
2015,6,29,23,0,12.497
2015,6,30,1,0,12.207
2015,6,30,3,0,11.916
2015,6,30,5,0,11.722
2015,6,30,7,0,11.528
2015,6,30,9,0,11.625
2015,6,30,11,0,11.916
2015,6,30,13,0,12.304
2015,6,30,15,0,12.787
2015,6,30,17,0,12.98
2015,6,30,19,0,12.787
2015,6,30,21,0,12.594
2015,6,30,23,0,12.304
2015,7,1,1,0,12.013
2015,7,1,3,0,11.722
2015,7,1,5,0,11.431
2015,7,1,7,0,11.334
2015,7,1,9,0,11.431
2015,7,1,11,0,11.722
2015,7,1,13,0,12.11
2015,7,1,15,0,12.594
2015,7,1,17,0,12.883
2015,7,1,19,0,12.787
2015,7,1,21,0,12.594
2015,7,1,23,0,12.304
2015,7,2,1,0,12.11
2015,7,2,3,0,11.819
2015,7,2,5,0,11.625
2015,7,2,7,0,11.431
2015,7,2,9,0,11.528
2015,7,2,11,0,11.916
2015,7,2,13,0,12.401
2015,7,2,15,0,12.883
2015,7,2,17,0,13.173
2015,7,2,19,0,13.076
2015,7,2,21,0,12.69
2015,7,2,23,0,12.401
2015,7,3,1,0,12.013
2015,7,3,3,0,11.722
2015,7,3,5,0,11.528
2015,7,3,7,0,11.431
2015,7,3,9,0,11.528
2015,7,3,11,0,11.916
2015,7,3,13,0,12.401
2015,7,3,15,0,12.883
2015,7,3,17,0,13.173
2015,7,3,19,0,12.98
2015,7,3,21,0,12.787
2015,7,3,23,0,12.497
2015,7,4,1,0,12.304
2015,7,4,3,0,12.013
2015,7,4,5,0,11.819
2015,7,4,7,0,11.625
2015,7,4,9,0,11.722
2015,7,4,11,0,12.013
2015,7,4,13,0,12.497
2015,7,4,15,0,12.98
2015,7,4,17,0,13.173
2015,7,4,19,0,12.98
2015,7,4,21,0,12.69
2015,7,4,23,0,12.401
2015,7,5,1,0,12.11
2015,7,5,3,0,11.819
2015,7,5,5,0,11.528
2015,7,5,7,0,11.334
2015,7,5,9,0,11.431
2015,7,5,11,0,11.819
2015,7,5,13,0,12.304
2015,7,5,15,0,12.787
2015,7,5,17,0,13.076
2015,7,5,19,0,12.98
2015,7,5,21,0,12.787
2015,7,5,23,0,12.594
2015,7,6,1,0,12.304
2015,7,6,3,0,12.11
2015,7,6,5,0,12.013
2015,7,6,7,0,11.916
2015,7,6,9,0,12.013
2015,7,6,11,0,12.304
2015,7,6,13,0,12.69
2015,7,6,15,0,13.076
2015,7,6,17,0,13.269
2015,7,6,19,0,13.076
2015,7,6,21,0,12.883
2015,7,6,23,0,12.594
2015,7,7,1,0,12.304
2015,7,7,3,0,12.013
2015,7,7,5,0,11.916
2015,7,7,7,0,11.722
2015,7,7,9,0,11.819
2015,7,7,11,0,12.013
2015,7,7,13,0,12.304
2015,7,7,15,0,12.594
2015,7,7,17,0,12.787
2015,7,7,19,0,12.69
2015,7,7,21,0,12.497
2015,7,7,23,0,12.304
2015,7,8,1,0,12.013
2015,7,8,3,0,11.819
2015,7,8,5,0,11.625
2015,7,8,7,0,11.528
2015,7,8,9,0,11.625
2015,7,8,11,0,11.916
2015,7,8,13,0,12.304
2015,7,8,15,0,12.594
2015,7,8,17,0,12.883
2015,7,8,19,0,12.883
2015,7,8,21,0,12.787
2015,7,8,23,0,12.594
2015,7,9,1,0,12.304
2015,7,9,3,0,12.013
2015,7,9,5,0,11.819
2015,7,9,7,0,11.722
2015,7,9,9,0,11.819
2015,7,9,11,0,12.207
2015,7,9,13,0,12.594
2015,7,9,15,0,12.98
2015,7,9,17,0,13.173
2015,7,9,19,0,13.173
2015,7,9,21,0,13.076
2015,7,9,23,0,12.787
2015,7,10,1,0,12.497
2015,7,10,3,0,12.207
2015,7,10,5,0,11.916
2015,7,10,7,0,11.722
2015,7,10,9,0,11.625
2015,7,10,11,0,11.625
2015,7,10,13,0,11.528
2015,7,10,15,0,11.528
2015,7,10,17,0,11.431
2015,7,10,19,0,11.334
2015,7,10,21,0,11.236
2015,7,10,23,0,11.041
2015,7,11,1,0,10.944
2015,7,11,3,0,10.944
2015,7,11,5,0,10.846
2015,7,11,7,0,10.748
2015,7,11,9,0,10.651
2015,7,11,11,0,10.651
2015,7,11,13,0,10.651
2015,7,11,15,0,10.846
2015,7,11,17,0,10.944
2015,7,11,19,0,10.846
2015,7,11,21,0,10.748
2015,7,11,23,0,10.651
2015,7,12,1,0,10.553
2015,7,12,3,0,10.455
2015,7,12,5,0,10.455
2015,7,12,7,0,10.357
2015,7,12,9,0,10.357
2015,7,12,11,0,10.553
2015,7,12,13,0,10.748
2015,7,12,15,0,10.846
2015,7,12,17,0,11.041
2015,7,12,19,0,11.139
2015,7,12,21,0,11.041
2015,7,12,23,0,10.944
2015,7,13,1,0,10.846
2015,7,13,3,0,10.748
2015,7,13,5,0,10.651
2015,7,13,7,0,10.651
2015,7,13,9,0,10.651
2015,7,13,11,0,10.651
2015,7,13,13,0,10.748
2015,7,13,15,0,10.944
2015,7,13,17,0,10.944
2015,7,13,17,11,NA
2015,7,13,17,11,NA
2015,7,13,17,11,NA
2015,7,13,17,12,NA
